Rk,Player,Nation,Pos,Squad,Age,Born,90s,Gls▼,Sh,SoT,SoT%,Sh/90,SoT/90,G/Sh,G/SoT,Dist,FK,PK,PKatt,xG,npxG,npxG/Sh,G-xG,np:G-xG,Matches,-9999
1,Erling Haaland,no NOR,FW,Manchester City,22-084,2000,8.3,15,38,20,52.6,4.55,2.40,0.37,0.70,10.9,0,1,1,9.0,8.2,0.22,+6.0,+5.8,Matches,1f44ac21
2,Harry Kane,eng ENG,FW,Tottenham,29-077,1993,8.8,8,30,13,43.3,3.39,1.47,0.23,0.54,17.6,0,1,2,6.1,4.5,0.15,+1.9,+2.5,Matches,21a66f6a
3,Roberto Firmino,br BRA,FWMF,Liverpool,31-011,1991,5.2,6,19,13,68.4,3.67,2.51,0.32,0.46,12.8,0,0,0,2.9,2.9,0.17,+3.1,+3.1,Matches,4c370d81
4,Phil Foden,eng ENG,FW,Manchester City,22-138,2000,7.3,6,20,12,60.0,2.74,1.64,0.30,0.50,12.1,0,0,0,3.5,3.5,0.17,+2.5,+2.5,Matches,ed1e53f3
5,Aleksandar Mitrović,rs SRB,FW,Fulham,28-027,1994,7.4,6,29,14,48.3,3.93,1.90,0.17,0.36,14.3,0,1,2,5.0,3.4,0.12,+1.0,+1.6,Matches,3925dbd6
6,Ivan Toney,eng ENG,FW,Brentford,26-211,1996,9.0,6,23,6,26.1,2.56,0.67,0.17,0.67,14.6,3,2,2,4.4,2.8,0.12,+1.6,+1.2,Matches,e09f279b
7,Gabriel Jesus,br BRA,FW,Arsenal,25-193,1997,8.6,5,30,15,50.0,3.47,1.74,0.17,0.33,9.4,0,0,0,5.4,5.4,0.18,-0.4,-0.4,Matches,b66315ae
8,James Maddison,eng ENG,MFFW,Leicester City,25-324,1996,7.9,5,25,10,40.0,3.15,1.26,0.20,0.50,21.3,5,0,0,1.2,1.2,0.05,+3.8,+3.8,Matches,ee38d9c5
9,Leandro Trossard,be BEL,DFFW,Brighton,27-313,1994,7.4,5,19,8,42.1,2.56,1.08,0.26,0.63,15.6,0,0,0,2.6,2.6,0.14,+2.4,+2.4,Matches,38ceb24a
10,Miguel Almirón,py PAR,FW,Newcastle Utd,28-245,1994,8.3,4,21,7,33.3,2.53,0.84,0.19,0.57,16.2,0,0,0,3.1,3.1,0.15,+0.9,+0.9,Matches,862a1c15
11,Alexis Mac Allister,ar ARG,MF,Brighton,23-293,1998,8.0,4,10,3,30.0,1.25,0.37,0.10,0.33,30.0,2,3,3,2.8,0.4,0.04,+1.2,+0.6,Matches,83d074ff
12,Martinelli,br BRA,FW,Arsenal,21-117,2001,8.7,4,26,11,42.3,3.00,1.27,0.15,0.36,17.0,2,0,0,2.5,2.5,0.10,+1.5,+1.5,Matches,48a5a5d6
13,Rodrigo,es ESP,FWMF,Leeds United,31-221,1991,5.7,4,23,7,30.4,4.03,1.23,0.17,0.57,16.8,1,0,0,2.5,2.5,0.11,+1.5,+1.5,Matches,1fb1c435
14,Wilfried Zaha,ci CIV,FWMF,Crystal Palace,29-337,1992,6.9,4,19,9,47.4,2.75,1.30,0.21,0.44,17.0,0,0,1,2.9,2.0,0.10,+1.1,+2.0,Matches,b2bc3b1f
15,Antony,br BRA,FW,Manchester Utd,22-231,2000,2.6,3,10,5,50.0,3.81,1.91,0.30,0.60,22.1,0,0,0,0.8,0.8,0.08,+2.2,+2.2,Matches,99127249
16,Philip Billing,dk DEN,MFFW,Bournemouth,26-124,1996,7.2,3,6,3,50.0,0.84,0.42,0.50,1.00,18.7,1,0,0,0.4,0.4,0.06,+2.6,+2.6,Matches,d328a254
17,Patson Daka,zm ZAM,FW,Leicester City,24-004,1998,3.7,3,10,7,70.0,2.69,1.89,0.30,0.43,13.5,0,0,0,1.8,1.8,0.18,+1.2,+1.2,Matches,ca45605e
18,Luis Díaz,co COL,FW,Liverpool,25-273,1997,6.8,3,17,8,47.1,2.50,1.17,0.18,0.38,12.8,0,0,0,2.1,2.1,0.12,+0.9,+0.9,Matches,4a1a9578
19,Pascal Groß,de GER,MFFW,Brighton,31-120,1991,7.6,3,10,5,50.0,1.31,0.66,0.30,0.60,15.9,0,0,0,1.9,1.9,0.19,+1.1,+1.1,Matches,8aec0537
20,Son Heung-min,kr KOR,MFFW,Tottenham,30-097,1992,7.4,3,23,13,56.5,3.09,1.75,0.13,0.23,16.1,1,0,0,2.5,2.5,0.11,+0.5,+0.5,Matches,92e7e919
21,Martin Ødegaard,no NOR,MF,Arsenal,23-300,1998,7.3,3,18,7,38.9,2.48,0.96,0.17,0.43,17.9,2,0,0,2.2,2.2,0.12,+0.8,+0.8,Matches,79300479
22,Marcus Rashford,eng ENG,FW,Manchester Utd,24-347,1997,7.4,3,16,4,25.0,2.16,0.54,0.19,0.75,16.4,0,0,0,2.1,2.1,0.13,+0.9,+0.9,Matches,a1d5bd30
23,Bukayo Saka,eng ENG,FW,Arsenal,21-038,2001,8.8,3,23,7,30.4,2.60,0.79,0.09,0.29,15.3,0,1,1,3.7,2.9,0.13,-0.7,-0.9,Matches,bc7dc64d
24,Raheem Sterling,eng ENG,FWMF,Chelsea,27-309,1994,6.7,3,14,5,35.7,2.09,0.75,0.21,0.60,12.3,0,0,0,3.0,3.0,0.22,0.0,0.0,Matches,b400bde0
25,Callum Wilson,eng ENG,FW,Newcastle Utd,30-228,1992,4.4,3,14,5,35.7,3.21,1.15,0.21,0.60,9.5,0,0,0,3.3,3.3,0.24,-0.3,-0.3,Matches,c596fcb0
26,Che Adams,sct SCO,FW,Southampton,26-092,1996,7.1,2,14,5,35.7,1.96,0.70,0.14,0.40,12.7,0,0,0,1.6,1.6,0.12,+0.4,+0.4,Matches,f2bf1b0f
27,Julián Álvarez,ar ARG,FWMF,Manchester City,22-255,2000,2.3,2,7,4,57.1,3.04,1.74,0.29,0.50,15.1,0,0,0,0.8,0.8,0.12,+1.2,+1.2,Matches,15ab5a2b
28,Michail Antonio,jm JAM,FW,West Ham,32-199,1990,5.4,2,13,5,38.5,2.39,0.92,0.15,0.40,12.2,0,0,0,2.0,2.0,0.17,0.0,0.0,Matches,ac05f970
29,Joe Aribo,ng NGA,MFFW,Southampton,26-084,1996,6.8,2,8,5,62.5,1.18,0.74,0.25,0.40,9.0,0,0,0,1.2,1.2,0.14,+0.8,+0.8,Matches,328f7d51
30,Taiwo Awoniyi,ng NGA,FW,Nott'ham Forest,25-062,1997,4.0,2,11,4,36.4,2.73,0.99,0.18,0.50,11.4,0,0,0,2.2,2.2,0.20,-0.2,-0.2,Matches,e5478b87
31,Harvey Barnes,eng ENG,MFFW,Leicester City,24-308,1997,6.3,2,18,7,38.9,2.84,1.11,0.11,0.29,16.2,0,0,0,1.3,1.3,0.07,+0.7,+0.7,Matches,3ea50f67
32,Jarrod Bowen,eng ENG,FW,West Ham,25-297,1996,8.9,2,23,4,17.4,2.58,0.45,0.04,0.25,15.6,0,1,1,2.7,1.9,0.08,-0.7,-0.9,Matches,79c84d1c
33,João Cancelo,pt POR,DF,Manchester City,28-139,1994,8.2,2,9,2,22.2,1.10,0.24,0.22,1.00,22.3,0,0,0,0.3,0.3,0.04,+1.7,+1.7,Matches,bd6351cd
34,Fabio Carvalho,pt POR,MFFW,Liverpool,20-044,2002,2.2,2,7,3,42.9,3.18,1.36,0.29,0.67,11.7,0,0,0,0.7,0.7,0.09,+1.3,+1.3,Matches,966e28d0
35,Josh Dasilva,eng ENG,MF,Brentford,23-355,1998,5.0,2,4,3,75.0,0.81,0.60,0.50,0.67,17.2,0,0,0,0.2,0.2,0.04,+1.8,+1.8,Matches,60344e4f
36,Eric Dier,eng ENG,DF,Tottenham,28-271,1994,9.0,2,6,3,50.0,0.67,0.33,0.33,0.67,12.1,1,0,0,0.4,0.4,0.07,+1.6,+1.6,Matches,ac861941
37,Odsonne Édouard,fr FRA,FW,Crystal Palace,24-270,1998,5.0,2,10,6,60.0,1.99,1.19,0.20,0.33,10.2,0,0,0,1.4,1.4,0.14,+0.6,+0.6,Matches,0562b7f1
38,Anthony Gordon,eng ENG,FW,Everton,21-231,2001,7.6,2,18,13,72.2,2.36,1.70,0.11,0.15,16.6,0,0,0,1.7,1.7,0.09,+0.3,+0.3,Matches,2bd83368
39,Bruno Guimarães,br BRA,MF,Newcastle Utd,24-331,1997,5.3,2,3,2,66.7,0.57,0.38,0.67,1.00,20.1,0,0,0,0.2,0.2,0.07,+1.8,+1.8,Matches,82518f62
40,İlkay Gündoğan,de GER,MF,Manchester City,31-354,1990,5.9,2,12,3,25.0,2.02,0.51,0.17,0.67,17.3,2,0,0,1.4,1.4,0.11,+0.6,+0.6,Matches,819b3158
41,Kai Havertz,de GER,FWMF,Chelsea,23-124,1999,6.5,2,14,6,42.9,2.15,0.92,0.14,0.33,11.3,0,0,0,1.9,1.9,0.14,+0.1,+0.1,Matches,fed7cb61
42,Pierre Højbjerg,dk DEN,MF,Tottenham,27-069,1995,8.8,2,8,4,50.0,0.91,0.45,0.25,0.50,21.3,0,0,0,0.4,0.4,0.05,+1.6,+1.6,Matches,8b04d6c1
43,Alexander Isak,se SWE,FW,Newcastle Utd,23-022,1999,2.7,2,7,5,71.4,2.60,1.86,0.14,0.20,13.8,0,1,1,2.2,1.4,0.20,-0.2,-0.4,Matches,8e92be30
44,Brennan Johnson,wls WAL,FWMF,Nott'ham Forest,21-143,2001,8.6,2,11,3,27.3,1.29,0.35,0.09,0.33,17.3,0,1,1,1.5,0.7,0.07,+0.5,+0.3,Matches,0cd31129
45,Anthony Martial,fr FRA,FW,Manchester Utd,26-312,1995,1.2,2,1,1,100.0,0.86,0.86,1.00,1.00,17.0,0,1,1,1.1,0.4,0.36,+0.9,+0.6,Matches,8b788c01
46,Bryan Mbeumo,cm CMR,FWDF,Brentford,23-067,1999,7.5,2,17,7,41.2,2.27,0.93,0.12,0.29,17.0,0,0,0,1.8,1.8,0.11,+0.2,+0.2,Matches,6afaebf2
47,Darwin Núñez,uy URU,FW,Liverpool,23-111,1999,3.0,2,19,6,31.6,6.40,2.02,0.11,0.33,12.7,0,0,0,2.6,2.6,0.14,-0.6,-0.6,Matches,4d77b365
48,João Palhinha,pt POR,MF,Fulham,27-096,1995,7.9,2,8,4,50.0,1.01,0.51,0.25,0.50,14.8,0,0,0,0.5,0.5,0.06,+1.5,+1.5,Matches,a78ff07f
49,Daniel Podence,pt POR,MFFW,Wolves,26-357,1995,6.6,2,14,5,35.7,2.13,0.76,0.14,0.40,18.1,0,0,0,1.4,1.4,0.10,+0.6,+0.6,Matches,7fcc71d8
50,Bobby Reid,jm JAM,FWDF,Fulham,29-253,1993,8.6,2,10,3,30.0,1.16,0.35,0.20,0.67,10.0,0,0,0,1.4,1.4,0.14,+0.6,+0.6,Matches,0f7533cd
51,Mohamed Salah,eg EGY,FW,Liverpool,30-120,1992,7.8,2,23,7,30.4,2.97,0.90,0.09,0.29,14.4,0,0,0,3.3,3.3,0.14,-1.3,-1.3,Matches,e342ad68
52,William Saliba,fr FRA,DF,Arsenal,21-203,2001,9.0,2,3,2,66.7,0.33,0.22,0.67,1.00,12.9,0,0,0,0.3,0.3,0.09,+1.7,+1.7,Matches,972aeb2a
53,Jadon Sancho,eng ENG,FW,Manchester Utd,22-202,2000,5.4,2,4,3,75.0,0.74,0.55,0.50,0.67,12.4,0,0,0,1.1,1.1,0.28,+0.9,+0.9,Matches,dbf053da
54,Gianluca Scamacca,it ITA,FW,West Ham,23-285,1999,3.5,2,9,5,55.6,2.57,1.43,0.22,0.40,16.1,1,0,0,1.0,1.0,0.11,+1.0,+1.0,Matches,8790f988
55,Bernardo Silva,pt POR,MFFW,Manchester City,28-064,1994,6.9,2,9,3,33.3,1.31,0.44,0.22,0.67,14.9,0,0,0,1.2,1.2,0.13,+0.8,+0.8,Matches,3eb22ec9
56,Luis Sinisterra,co COL,FWMF,Leeds United,23-118,1999,2.5,2,4,3,75.0,1.58,1.18,0.50,0.67,15.9,0,0,0,0.8,0.8,0.19,+1.2,+1.2,Matches,8e16dd48
57,Yoane Wissa,cd COD,FW,Brentford,26-040,1996,3.8,2,10,4,40.0,2.62,1.05,0.20,0.50,12.5,0,0,0,1.7,1.7,0.17,+0.3,+0.3,Matches,2500cef9
58,Granit Xhaka,ch SUI,MF,Arsenal,30-016,1992,9.0,2,12,2,16.7,1.34,0.22,0.17,1.00,18.9,1,0,0,1.3,1.3,0.11,+0.7,+0.7,Matches,e61b8aee
59,Brenden Aaronson,us USA,MFFW,Leeds United,21-356,2000,7.3,1,9,3,33.3,1.24,0.41,0.11,0.33,18.5,0,0,0,1.4,1.4,0.16,-0.4,-0.4,Matches,5bc43860
60,Tosin Adarabioyo,eng ENG,DF,Fulham,25-019,1997,9.0,1,2,1,50.0,0.22,0.11,0.50,1.00,10.9,0,0,0,0.1,0.1,0.05,+0.9,+0.9,Matches,c81d773d
61,Trent Alexander-Arnold,eng ENG,DF,Liverpool,24-006,1998,6.8,1,11,2,18.2,1.61,0.29,0.09,0.50,23.5,1,0,0,0.4,0.4,0.04,+0.6,+0.6,Matches,cd1acf9d
62,Joachim Andersen,dk DEN,DF,Crystal Palace,26-135,1996,7.0,1,4,2,50.0,0.57,0.29,0.25,0.50,8.1,0,0,0,0.7,0.7,0.18,+0.3,+0.3,Matches,e34fc66d
63,Jaidon Anthony,eng ENG,FWDF,Bournemouth,22-316,1999,1.9,1,3,2,66.7,1.58,1.05,0.33,0.50,20.4,0,0,0,0.5,0.5,0.17,+0.5,+0.5,Matches,e4238fb1
64,Adam Armstrong,eng ENG,FW,Southampton,25-245,1997,6.1,1,10,5,50.0,1.63,0.81,0.10,0.20,14.0,0,0,0,1.2,1.2,0.12,-0.2,-0.2,Matches,68c720b5
65,Pierre-Emerick Aubameyang,ga GAB,FW,Chelsea,33-117,1989,0.8,1,2,1,50.0,2.43,1.22,0.50,1.00,13.5,0,0,0,0.2,0.2,0.11,+0.8,+0.8,Matches,d5dd5f1f
66,Leon Bailey,jm JAM,FWMF,Aston Villa,25-065,1997,5.4,1,9,3,33.3,1.66,0.55,0.11,0.33,16.0,0,0,0,0.6,0.6,0.06,+0.4,+0.4,Matches,3a233281
67,Rodrigo Bentancur,uy URU,MF,Tottenham,25-110,1997,7.8,1,4,3,75.0,0.51,0.38,0.25,0.33,20.0,0,0,0,0.4,0.4,0.11,+0.6,+0.6,Matches,3b8674e6
68,Armando Broja,al ALB,FW,Chelsea,21-033,2001,1.2,1,4,4,100.0,3.33,3.33,0.25,0.25,11.3,0,0,0,0.4,0.4,0.11,+0.6,+0.6,Matches,97220da2
69,Emi Buendía,ar ARG,FWMF,Aston Villa,25-292,1996,4.3,1,7,3,42.9,1.63,0.70,0.14,0.33,15.8,1,0,0,1.4,1.4,0.20,-0.4,-0.4,Matches,66b76d44
70,Moisés Caicedo,ec ECU,MF,Brighton,20-345,2001,7.8,1,6,3,50.0,0.77,0.38,0.17,0.33,23.0,0,0,0,0.4,0.4,0.06,+0.6,+0.6,Matches,16264a81
71,Timothy Castagne,be BEL,DF,Leicester City,26-312,1995,7.2,1,3,2,66.7,0.41,0.28,0.33,0.50,6.9,0,0,0,0.4,0.4,0.12,+0.6,+0.6,Matches,197640fd
72,Ben Chilwell,eng ENG,DF,Chelsea,25-296,1996,2.4,1,2,1,50.0,0.85,0.42,0.50,1.00,12.4,0,0,0,0.2,0.2,0.10,+0.8,+0.8,Matches,d2424d1b
73,Ryan Christie,sct SCO,MFFW,Bournemouth,27-233,1995,5.6,1,12,4,33.3,2.15,0.72,0.08,0.25,14.4,0,0,0,1.3,1.3,0.11,-0.3,-0.3,Matches,26ce2263
74,Conor Coady,eng ENG,DF,Everton,29-230,1993,7.9,1,2,1,50.0,0.25,0.13,0.50,1.00,5.0,0,0,0,0.7,0.7,0.35,+0.3,+0.3,Matches,2928dca2
75,Kevin De Bruyne,be BEL,MF,Manchester City,31-107,1991,7.6,1,22,7,31.8,2.91,0.93,0.05,0.14,20.9,2,0,0,1.5,1.5,0.07,-0.5,-0.5,Matches,e46012d4
76,Emmanuel Dennis,ng NGA,FW,Nott'ham Forest,24-332,1997,1.8,1,7,1,14.3,3.87,0.55,0.14,1.00,17.1,2,0,0,0.4,0.4,0.06,+0.6,+0.6,Matches,2c44a35d
77,Kiernan Dewsbury-Hall,eng ENG,MFFW,Leicester City,24-037,1998,7.8,1,9,2,22.2,1.15,0.26,0.11,0.50,22.0,0,0,0,0.5,0.5,0.05,+0.5,+0.5,Matches,5c74c0f5
78,Gabriel Dos Santos,br BRA,DF,Arsenal,24-298,1997,9.0,1,9,2,22.2,1.00,0.22,0.11,0.50,15.2,0,0,0,1.3,1.3,0.15,-0.3,-0.3,Matches,67ac5bb8
79,Harvey Elliott,eng ENG,MF,Liverpool,19-192,2003,5.2,1,12,4,33.3,2.33,0.78,0.08,0.25,17.1,0,0,0,0.5,0.5,0.04,+0.5,+0.5,Matches,c8387671
80,Eberechi Eze,eng ENG,MFFW,Crystal Palace,24-106,1998,7.1,1,13,4,30.8,1.83,0.56,0.08,0.25,25.4,3,0,0,1.0,1.0,0.08,0.0,0.0,Matches,ae4fc6a4
81,Bruno Fernandes,pt POR,MFFW,Manchester Utd,28-035,1994,8.0,1,13,5,38.5,1.63,0.63,0.08,0.20,20.7,1,0,0,1.4,1.4,0.11,-0.4,-0.4,Matches,507c7bdf
82,Pablo Fornals,es ESP,FWMF,West Ham,26-233,1996,7.6,1,12,4,33.3,1.58,0.53,0.08,0.25,23.1,0,0,0,0.6,0.6,0.05,+0.4,+0.4,Matches,82927de4
83,Conor Gallagher,eng ENG,MFFW,Chelsea,22-249,2000,2.8,1,5,1,20.0,1.76,0.35,0.20,1.00,22.8,0,0,0,0.2,0.2,0.05,+0.8,+0.8,Matches,c2731c10
84,Demarai Gray,eng ENG,FW,Everton,26-107,1996,8.8,1,20,8,40.0,2.28,0.91,0.05,0.13,19.1,3,0,0,1.9,1.9,0.09,-0.9,-0.9,Matches,4468ec10
85,Jack Grealish,eng ENG,FW,Manchester City,27-033,1995,3.5,1,5,2,40.0,1.42,0.57,0.20,0.50,14.2,0,0,0,0.8,0.8,0.16,+0.2,+0.2,Matches,b0b4fd3e
86,Jack Harrison,eng ENG,FWMF,Leeds United,25-327,1996,7.0,1,6,4,66.7,0.86,0.57,0.17,0.25,18.8,0,0,0,0.9,0.9,0.15,+0.1,+0.1,Matches,aa849a12
87,Kelechi Iheanacho,ng NGA,FW,Leicester City,26-010,1996,2.1,1,7,1,14.3,3.37,0.48,0.14,1.00,19.4,0,0,0,1.3,1.3,0.18,-0.3,-0.3,Matches,c92e1a31
88,Danny Ings,eng ENG,FW,Aston Villa,30-082,1992,3.3,1,9,3,33.3,2.76,0.92,0.11,0.33,19.7,0,0,0,0.6,0.6,0.06,+0.4,+0.4,Matches,07802f7f
89,Alex Iwobi,ng NGA,MF,Everton,26-163,1996,9.0,1,8,2,25.0,0.89,0.22,0.13,0.50,26.0,0,0,0,0.3,0.3,0.03,+0.7,+0.7,Matches,6ca5ec4b
90,Reece James,eng ENG,DF,Chelsea,22-309,1999,6.2,1,7,2,28.6,1.13,0.32,0.14,0.50,20.8,1,0,0,0.6,0.6,0.08,+0.4,+0.4,Matches,1265a93a
91,Vitaly Janelt,de GER,MFDF,Brentford,24-156,1998,5.8,1,4,2,50.0,0.69,0.34,0.25,0.50,7.0,0,0,0,1.1,1.1,0.27,-0.1,-0.1,Matches,8449d35e
92,Mathias Jensen,dk DEN,MF,Brentford,26-285,1996,7.6,1,5,1,20.0,0.65,0.13,0.20,1.00,22.8,1,0,0,0.3,0.3,0.06,+0.7,+0.7,Matches,0f134faf
93,Jorginho,it ITA,MF,Chelsea,30-297,1991,5.7,1,2,1,50.0,0.35,0.17,0.00,0.00,28.5,0,1,1,0.9,0.1,0.04,+0.1,-0.1,Matches,45db685d
94,Kalidou Koulibaly,sn SEN,DF,Chelsea,31-115,1991,5.7,1,7,3,42.9,1.22,0.52,0.14,0.33,12.3,0,0,0,0.5,0.5,0.07,+0.5,+0.5,Matches,da974c7b
95,Cheikhou Kouyaté,sn SEN,MFDF,Nott'ham Forest,32-296,1989,3.5,1,3,3,100.0,0.87,0.87,0.33,0.33,13.4,0,0,0,0.2,0.2,0.06,+0.8,+0.8,Matches,8d3c902d
96,Dejan Kulusevski,se SWE,MFFW,Tottenham,22-171,2000,5.5,1,10,1,10.0,1.80,0.18,0.10,1.00,16.6,0,0,0,0.7,0.7,0.07,+0.3,+0.3,Matches,df3cda47
97,Roméo Lavia,be BEL,MF,Southampton,18-280,2004,4.7,1,4,2,50.0,0.86,0.43,0.25,0.50,22.6,0,0,0,0.1,0.1,0.03,+0.9,+0.9,Matches,ecad9aa5
98,Jefferson Lerma,co COL,MFDF,Bournemouth,27-353,1994,9.0,1,7,1,14.3,0.78,0.11,0.14,1.00,16.1,0,0,0,0.6,0.6,0.08,+0.4,+0.4,Matches,9b5ce51a
99,Sean Longstaff,eng ENG,MF,Newcastle Utd,24-348,1997,5.7,1,6,2,33.3,1.05,0.35,0.17,0.50,14.4,0,0,0,0.4,0.4,0.07,+0.6,+0.6,Matches,a2b105e0
100,Douglas Luiz,br BRA,MF,Aston Villa,24-157,1998,4.7,1,4,1,25.0,0.84,0.21,0.25,1.00,25.2,1,0,0,0.1,0.1,0.03,+0.9,+0.9,Matches,6f7d826d
101,Riyad Mahrez,dz ALG,FWMF,Manchester City,31-234,1991,3.5,1,10,3,30.0,2.89,0.87,0.10,0.33,17.3,0,0,0,0.9,0.9,0.09,+0.1,+0.1,Matches,892d5bb1
102,Jean-Philippe Mateta,fr FRA,FW,Crystal Palace,25-107,1997,2.2,1,10,4,40.0,4.55,1.82,0.10,0.25,13.3,0,0,0,1.3,1.3,0.13,-0.3,-0.3,Matches,50e6dc35
103,Neal Maupay,fr FRA,FW,Everton,26-060,1996,3.9,1,10,3,30.0,2.58,0.77,0.10,0.33,11.8,0,0,0,1.1,1.1,0.11,-0.1,-0.1,Matches,4bcf39f6
104,Dwight McNeil,eng ENG,FW,Everton,22-325,1999,5.1,1,8,2,25.0,1.58,0.40,0.13,0.50,16.4,0,0,0,0.4,0.4,0.05,+0.6,+0.6,Matches,fc15fb84
105,Ben Mee,eng ENG,DF,Brentford,33-022,1989,8.4,1,7,1,14.3,0.83,0.12,0.14,1.00,7.6,0,0,0,1.3,1.3,0.18,-0.3,-0.3,Matches,8df7a2fb
106,Kieffer Moore,wls WAL,FW,Bournemouth,30-066,1992,5.0,1,5,3,60.0,1.01,0.60,0.20,0.33,12.8,0,0,0,0.3,0.3,0.06,+0.7,+0.7,Matches,01ce9e70
107,Jacob Murphy,eng ENG,FW,Newcastle Utd,27-231,1995,2.8,1,9,5,55.6,3.18,1.76,0.11,0.20,15.4,0,0,0,1.1,1.1,0.12,-0.1,-0.1,Matches,de112b84
108,Rúben Neves,pt POR,MFDF,Wolves,25-214,1997,8.0,1,13,2,15.4,1.62,0.25,0.08,0.50,28.4,4,0,0,0.3,0.3,0.03,+0.7,+0.7,Matches,44bfb6c5
109,Christian Nørgaard,dk DEN,MF,Brentford,28-217,1994,3.4,1,5,3,60.0,1.46,0.87,0.20,0.33,12.8,0,0,0,0.6,0.6,0.12,+0.4,+0.4,Matches,df0a4c90
110,Lewis O'Brien,eng ENG,MF,Nott'ham Forest,23-364,1998,5.4,1,6,2,33.3,1.11,0.37,0.17,0.50,23.2,0,0,0,0.5,0.5,0.08,+0.5,+0.5,Matches,089667a5
111,Thomas Partey,gh GHA,MF,Arsenal,29-122,1993,5.7,1,6,1,16.7,1.06,0.18,0.17,1.00,19.3,0,0,0,0.4,0.4,0.07,+0.6,+0.6,Matches,529f49ab
112,Andreas Pereira,br BRA,MF,Fulham,26-285,1996,8.1,1,12,5,41.7,1.49,0.62,0.08,0.20,22.8,5,0,0,0.6,0.6,0.05,+0.4,+0.4,Matches,6639e500
113,Christian Pulisic,us USA,FWMF,Chelsea,24-025,1998,2.6,1,6,2,33.3,2.27,0.76,0.17,0.50,14.3,0,0,0,0.6,0.6,0.10,+0.4,+0.4,Matches,1bf33a9a
114,Jacob Ramsey,eng ENG,MF,Aston Villa,21-138,2001,7.3,1,7,3,42.9,0.96,0.41,0.14,0.33,19.6,0,0,0,0.6,0.6,0.08,+0.4,+0.4,Matches,1544f145
115,Harrison Reed,eng ENG,MF,Fulham,27-259,1995,8.8,1,5,1,20.0,0.57,0.11,0.20,1.00,18.5,0,0,0,0.4,0.4,0.08,+0.6,+0.6,Matches,803ae100
116,Marc Roca,es ESP,MF,Leeds United,25-321,1996,6.6,1,8,4,50.0,1.22,0.61,0.13,0.25,17.4,0,0,0,0.7,0.7,0.09,+0.3,+0.3,Matches,da27e268
117,Cristiano Ronaldo,pt POR,FW,Manchester Utd,37-250,1985,3.0,1,15,4,26.7,4.93,1.31,0.07,0.25,16.5,0,0,0,1.0,1.0,0.07,0.0,0.0,Matches,dea698d9
118,Allan Saint-Maximin,fr FRA,FW,Newcastle Utd,25-215,1997,3.9,1,12,5,41.7,3.04,1.27,0.08,0.20,17.9,0,0,0,1.0,1.0,0.08,0.0,0.0,Matches,2b16cb1a
119,Fabian Schär,ch SUI,DF,Newcastle Utd,30-297,1991,7.9,1,11,2,18.2,1.39,0.25,0.09,0.50,20.0,1,0,0,0.6,0.6,0.05,+0.4,+0.4,Matches,c8aa95da
120,Ryan Sessegnon,eng ENG,DF,Tottenham,22-148,2000,4.9,1,10,5,50.0,2.03,1.02,0.10,0.20,14.9,0,0,0,0.7,0.7,0.07,+0.3,+0.3,Matches,6aa3e78b
121,Dominic Solanke,eng ENG,FW,Bournemouth,25-029,1997,6.5,1,10,5,50.0,1.55,0.77,0.10,0.20,13.8,0,0,0,0.8,0.8,0.08,+0.2,+0.2,Matches,e77dc3b2
122,Tomáš Souček,cz CZE,MF,West Ham,27-228,1995,9.0,1,11,5,45.5,1.22,0.56,0.09,0.20,9.2,0,0,0,1.4,1.4,0.12,-0.4,-0.4,Matches,6613c819
123,Pascal Struijk,nl NED,DF,Leeds United,23-063,1999,8.0,1,5,3,60.0,0.62,0.37,0.20,0.33,12.5,0,0,0,0.4,0.4,0.09,+0.6,+0.6,Matches,f4d296e4
124,Youri Tielemans,be BEL,MF,Leicester City,25-159,1997,7.5,1,8,3,37.5,1.07,0.40,0.00,0.00,27.9,0,1,1,1.0,0.2,0.03,0.0,-0.2,Matches,56f7a928
125,Kieran Trippier,eng ENG,DF,Newcastle Utd,32-024,1990,8.8,1,5,2,40.0,0.57,0.23,0.20,0.50,25.3,5,0,0,0.3,0.3,0.05,+0.7,+0.7,Matches,21512407
126,Virgil van Dijk,nl NED,DF,Liverpool,31-097,1991,8.0,1,10,3,30.0,1.25,0.37,0.10,0.33,12.7,0,0,0,0.6,0.6,0.06,+0.4,+0.4,Matches,e06683ca
127,Fabio Vieira,pt POR,MF,Arsenal,22-136,2000,1.3,1,4,2,50.0,3.05,1.53,0.25,0.50,22.4,0,0,0,0.2,0.2,0.04,+0.8,+0.8,Matches,6412cc03
128,Kyle Walker-Peters,eng ENG,DF,Southampton,25-183,1997,8.9,1,5,2,40.0,0.56,0.23,0.20,0.50,15.0,0,0,0,0.6,0.6,0.11,+0.4,+0.4,Matches,984a5a64
129,James Ward-Prowse,eng ENG,MF,Southampton,27-346,1994,9.0,1,9,2,22.2,1.00,0.22,0.11,0.50,23.6,3,0,0,0.5,0.5,0.05,+0.5,+0.5,Matches,3515d404
130,Ollie Watkins,eng ENG,FW,Aston Villa,26-287,1995,8.3,1,15,9,60.0,1.81,1.09,0.07,0.11,11.1,0,0,0,2.1,2.1,0.14,-1.1,-1.1,Matches,aed3a70f
131,Ashley Young,eng ENG,DF,Aston Villa,37-096,1985,3.7,1,4,1,25.0,1.07,0.27,0.25,1.00,27.4,0,0,0,0.1,0.1,0.02,+0.9,+0.9,Matches,be927d03
132,Tyler Adams,us USA,MF,Leeds United,23-241,1999,8.0,0,2,0,0.0,0.25,0.00,0.00,,29.1,0,0,0,0.0,0.0,0.02,0.0,0.0,Matches,2b09d998
133,Rayan Aït Nouri,fr FRA,DF,Wolves,21-129,2001,6.2,0,4,2,50.0,0.64,0.32,0.00,0.00,14.5,0,0,0,0.2,0.2,0.04,-0.2,-0.2,Matches,9b398aea
134,Kristoffer Ajer,no NOR,DF,Brentford,24-179,1998,2.7,0,1,0,0.0,0.37,0.00,0.00,,5.0,0,0,0,0.2,0.2,0.16,-0.2,-0.2,Matches,a8c0acb7
135,Manuel Akanji,ch SUI,DF,Manchester City,27-086,1995,3.0,0,3,0,0.0,1.00,0.00,0.00,,12.7,0,0,0,0.2,0.2,0.06,-0.2,-0.2,Matches,89ac64a6
136,Nathan Aké,nl NED,DF,Manchester City,27-237,1995,4.3,0,3,0,0.0,0.69,0.00,0.00,,10.6,0,0,0,0.2,0.2,0.05,-0.2,-0.2,Matches,eaeca114
137,Marc Albrighton,eng ENG,MF,Leicester City,32-329,1989,0.1,0,0,0,,0.00,0.00,,,,0,0,0,0.0,0.0,,0.0,0.0,Matches,b827d5b3
138,Thiago Alcántara,es ESP,MF,Liverpool,31-185,1991,2.5,0,0,0,,0.00,0.00,,,,0,0,0,0.0,0.0,,0.0,0.0,Matches,77e84962
139,Alisson,br BRA,GK,Liverpool,30-011,1992,8.0,0,0,0,,0.00,0.00,,,,0,0,0,0.0,0.0,,0.0,0.0,Matches,7a2e46a8
140,Dele Alli,eng ENG,FWMF,Everton,26-185,1996,0.4,0,0,0,,0.00,0.00,,,,0,0,0,0.0,0.0,,0.0,0.0,Matches,cea4ee8f
141,Daniel Amartey,gh GHA,DF,Leicester City,27-296,1994,4.2,0,1,0,0.0,0.24,0.00,0.00,,38.2,0,0,0,0.0,0.0,0.01,0.0,0.0,Matches,1a4ef233
142,Elliot Anderson,sct SCO,FWMF,Newcastle Utd,19-341,2002,0.8,0,3,0,0.0,3.65,0.00,0.00,,10.7,0,0,0,0.6,0.6,0.19,-0.6,-0.6,Matches,de31038e
143,Cameron Archer,eng ENG,FWMF,Aston Villa,20-308,2001,0.2,0,0,0,,0.00,0.00,,,,0,0,0,0.0,0.0,,0.0,0.0,Matches,05e8ca6d
144,Alphonse Areola,fr FRA,GK,West Ham,29-228,1993,0.7,0,0,0,,0.00,0.00,,,,0,0,0,0.0,0.0,,0.0,0.0,Matches,2f965a72
145,Stuart Armstrong,sct SCO,MFFW,Southampton,30-197,1992,4.0,0,8,1,12.5,1.98,0.25,0.00,0.00,19.7,0,0,0,0.4,0.4,0.05,-0.4,-0.4,Matches,97333cf5
146,Kepa Arrizabalaga,es ESP,GK,Chelsea,28-010,1994,2.0,0,0,0,,0.00,0.00,,,,0,0,0,0.0,0.0,,0.0,0.0,Matches,28d596a0
147,Ludwig Augustinsson,se SWE,DF,Aston Villa,28-175,1994,0.5,0,0,0,,0.00,0.00,,,,0,0,0,0.0,0.0,,0.0,0.0,Matches,9fec8860
148,Serge Aurier,ci CIV,DF,Nott'ham Forest,29-293,1992,1.1,0,0,0,,0.00,0.00,,,,0,0,0,0.0,0.0,,0.0,0.0,Matches,5c2b4f07
149,Jordan Ayew,gh GHA,FWMF,Crystal Palace,31-032,1991,6.1,0,5,3,60.0,0.81,0.49,0.00,0.00,15.2,0,0,0,0.6,0.6,0.13,-0.6,-0.6,Matches,da052c14
150,Luke Ayling,eng ENG,DF,Leeds United,31-049,1991,0.6,0,1,0,0.0,1.76,0.00,0.00,,9.2,0,0,0,0.1,0.1,0.06,-0.1,-0.1,Matches,420d7c7d
151,César Azpilicueta,es ESP,DF,Chelsea,33-046,1989,3.5,0,1,0,0.0,0.29,0.00,0.00,,17.0,0,0,0,0.0,0.0,0.05,0.0,0.0,Matches,53cad200
152,Stefan Bajcetic,es ESP,MF,Liverpool,17-356,2004,0.2,0,0,0,,0.00,0.00,,,,0,0,0,0.0,0.0,,0.0,0.0,Matches,32e8417f
153,Patrick Bamford,eng ENG,FW,Leeds United,29-038,1993,2.8,0,10,4,40.0,3.54,1.42,0.00,0.00,14.2,0,0,0,1.8,1.8,0.18,-1.8,-1.8,Matches,93feac6e
154,Shandon Baptiste,gd GRN,MF,Brentford,24-188,1998,4.1,0,2,1,50.0,0.49,0.25,0.00,0.00,17.6,0,0,0,0.2,0.2,0.11,-0.2,-0.2,Matches,2886c9b5
155,Gavin Bazunu,ie IRL,GK,Southampton,20-235,2002,9.0,0,0,0,,0.00,0.00,,,,0,0,0,0.0,0.0,,0.0,0.0,Matches,c91441dc
156,Mads Bech Sørensen,dk DEN,DF,Brentford,23-279,1999,0.2,0,0,0,,0.00,0.00,,,,0,0,0,0.0,0.0,,0.0,0.0,Matches,30db8574
157,Jan Bednarek,pl POL,DF,Southampton,26-184,1996,1.8,0,1,0,0.0,0.57,0.00,0.00,,7.0,0,0,0,0.1,0.1,0.12,-0.1,-0.1,Matches,4115ce4e
158,Jan Bednarek,pl POL,DF,Aston Villa,26-184,1996,0.5,0,0,0,,0.00,0.00,,,,0,0,0,0.0,0.0,,0.0,0.0,Matches,4115ce4e
159,Donny van de Beek,nl NED,MF,Manchester Utd,25-178,1997,0.2,0,0,0,,0.00,0.00,,,,0,0,0,0.0,0.0,,0.0,0.0,Matches,50dc94ce
160,Asmir Begović,ba BIH,GK,Everton,35-115,1987,1.0,0,0,0,,0.00,0.00,,,,0,0,0,0.0,0.0,,0.0,0.0,Matches,7b4de647
161,Armel Bella Kotchap,de GER,DF,Southampton,20-306,2001,8.0,0,10,1,10.0,1.25,0.12,0.00,0.00,17.0,0,0,0,0.7,0.7,0.07,-0.7,-0.7,Matches,a39d11bc
162,Saïd Benrahma,dz ALG,MFFW,West Ham,27-064,1995,4.0,0,10,3,30.0,2.53,0.76,0.00,0.00,22.0,1,0,0,0.4,0.4,0.04,-0.4,-0.4,Matches,5a04fd92
163,Owen Bevan,wls WAL,DF,Bournemouth,18-352,2003,0.1,0,0,0,,0.00,0.00,,,,0,0,0,0.0,0.0,,0.0,0.0,Matches,87966294
164,Giulian Biancone,fr FRA,DF,Nott'ham Forest,22-196,2000,0.1,0,0,0,,0.00,0.00,,,,0,0,0,0.0,0.0,,0.0,0.0,Matches,de40e38c
165,Yves Bissouma,ml MLI,MF,Tottenham,26-044,1996,2.6,0,2,0,0.0,0.78,0.00,0.00,,23.6,0,0,0,0.1,0.1,0.03,-0.1,-0.1,Matches,6c203af0
166,Willy Boly,ci CIV,DF,Nott'ham Forest,31-252,1991,0.7,0,0,0,,0.00,0.00,,,,0,0,0,0.0,0.0,,0.0,0.0,Matches,a4ac4b8f
167,Sven Botman,nl NED,DF,Newcastle Utd,22-274,2000,6.0,0,7,2,28.6,1.16,0.33,0.00,0.00,10.0,0,0,0,0.6,0.6,0.09,-0.6,-0.6,Matches,ccce7025
168,Dan Burn,eng ENG,DF,Newcastle Utd,30-157,1992,7.7,0,7,2,28.6,0.90,0.26,0.00,0.00,10.3,0,0,0,0.5,0.5,0.07,-0.5,-0.5,Matches,b2d31e83
169,Cafú,pt POR,MF,Nott'ham Forest,29-229,1993,0.1,0,0,0,,0.00,0.00,,,,0,0,0,0.0,0.0,,0.0,0.0,Matches,85322440
170,Tom Cairney,sct SCO,MF,Fulham,31-266,1991,1.8,0,4,0,0.0,2.25,0.00,0.00,,17.2,0,0,0,0.4,0.4,0.09,-0.4,-0.4,Matches,a8748947
171,Duje Ćaleta-Car,hr CRO,DF,Southampton,26-026,1996,1.0,0,2,1,50.0,2.00,1.00,0.00,0.00,9.5,0,0,0,0.3,0.3,0.16,-0.3,-0.3,Matches,94f8d10c
172,Dominic Calvert-Lewin,eng ENG,FW,Everton,25-211,1997,0.2,0,1,0,0.0,6.00,0.00,0.00,,5.1,0,0,0,0.1,0.1,0.08,-0.1,-0.1,Matches,59e6e5bf
173,Chem Campbell,wls WAL,FWMF,Wolves,19-287,2002,0.5,0,2,0,0.0,3.67,0.00,0.00,,13.7,0,0,0,0.1,0.1,0.04,-0.1,-0.1,Matches,6f711f67
174,Diego Carlos,br BRA,DF,Aston Villa,29-212,1993,2.0,0,4,0,0.0,2.01,0.00,0.00,,15.2,0,0,0,0.3,0.3,0.07,-0.3,-0.3,Matches,b4a014b1
175,Casemiro,br BRA,MF,Manchester Utd,30-232,1992,2.0,0,3,1,33.3,1.53,0.51,0.00,0.00,24.4,0,0,0,0.2,0.2,0.06,-0.2,-0.2,Matches,4d224fe8
176,Matty Cash,pl POL,DF,Aston Villa,25-067,1997,6.3,0,3,0,0.0,0.48,0.00,0.00,,24.2,0,0,0,0.1,0.1,0.03,-0.1,-0.1,Matches,2389cdc2
177,Jonny Castro,es ESP,DF,Wolves,28-224,1994,8.6,0,8,1,12.5,0.93,0.12,0.00,0.00,21.6,0,0,0,0.2,0.2,0.02,-0.2,-0.2,Matches,e28868f3
178,Nathaniel Chalobah,eng ENG,MF,Fulham,27-305,1994,0.1,0,1,1,100.0,8.18,8.18,0.00,0.00,10.2,0,0,0,0.1,0.1,0.14,-0.1,-0.1,Matches,422862ea
179,Trevoh Chalobah,eng ENG,DF,Chelsea,23-100,1999,2.0,0,2,1,50.0,1.00,0.50,0.00,0.00,11.1,0,0,0,0.1,0.1,0.06,-0.1,-0.1,Matches,5515376c
180,Calum Chambers,eng ENG,DF,Aston Villa,27-266,1995,1.0,0,0,0,,0.00,0.00,,,,0,0,0,0.0,0.0,,0.0,0.0,Matches,dc6f5bdd
181,Carney Chukwuemeka,eng ENG,MF,Chelsea,18-358,2003,0.1,0,0,0,,0.00,0.00,,,,0,0,0,0.0,0.0,,0.0,0.0,Matches,b2f9c73e
182,Bobby Clark,eng ENG,MF,Liverpool,17-248,2005,0.1,0,0,0,,0.00,0.00,,,,0,0,0,0.0,0.0,,0.0,0.0,Matches,73341ace
183,Nathaniel Clyne,eng ENG,DF,Crystal Palace,31-191,1991,4.6,0,0,0,,0.00,0.00,,,,0,0,0,0.0,0.0,,0.0,0.0,Matches,0442183b
184,Jack Colback,eng ENG,MF,Nott'ham Forest,32-354,1989,1.4,0,0,0,,0.00,0.00,,,,0,0,0,0.0,0.0,,0.0,0.0,Matches,963a9201
185,Séamus Coleman,ie IRL,DF,Everton,34-002,1988,1.8,0,1,0,0.0,0.55,0.00,0.00,,10.0,0,0,0,0.1,0.1,0.14,-0.1,-0.1,Matches,0420d84f
186,Nathan Collins,ie IRL,DF,Wolves,21-166,2001,6.4,0,0,0,,0.00,0.00,,,,0,0,0,0.0,0.0,,0.0,0.0,Matches,a8c19eb8
187,Levi Colwill,eng ENG,DF,Brighton,19-229,2003,0.1,0,0,0,,0.00,0.00,,,,0,0,0,0.0,0.0,,0.0,0.0,Matches,700783e7
188,Lewis Cook,eng ENG,MF,Bournemouth,25-252,1997,7.3,0,2,0,0.0,0.28,0.00,0.00,,23.3,0,0,0,0.1,0.1,0.03,-0.1,-0.1,Matches,2afc7272
189,Steve Cook,eng ENG,DF,Nott'ham Forest,31-177,1991,5.6,0,1,0,0.0,0.18,0.00,0.00,,16.0,0,0,0,0.0,0.0,0.03,0.0,0.0,Matches,3e5e4e63
190,Liam Cooper,sct SCO,DF,Leeds United,31-044,1991,2.0,0,1,0,0.0,0.50,0.00,0.00,,10.0,0,0,0,0.0,0.0,0.04,0.0,0.0,Matches,dc64b8b3
191,Maxwel Cornet,ci CIV,FW,West Ham,26-016,1996,1.0,0,4,1,25.0,3.96,0.99,0.00,0.00,9.6,0,0,0,0.5,0.5,0.12,-0.5,-0.5,Matches,beb391dd
192,Diego Costa,es ESP,FW,Wolves,34-006,1988,1.0,0,1,0,0.0,1.01,0.00,0.00,,6.1,0,0,0,0.1,0.1,0.12,-0.1,-0.1,Matches,a190d597
193,Vladimír Coufal,cz CZE,DF,West Ham,30-052,1992,6.6,0,2,0,0.0,0.30,0.00,0.00,,24.7,0,0,0,0.1,0.1,0.03,-0.1,-0.1,Matches,fdf3cb77
194,Philippe Coutinho,br BRA,MFFW,Aston Villa,30-123,1992,5.6,0,14,5,35.7,2.50,0.89,0.00,0.00,19.4,2,0,0,0.6,0.6,0.04,-0.6,-0.6,Matches,0ef89a37
195,Conor Coventry,ie IRL,MF,West Ham,22-202,2000,0.0,0,0,0,,0.00,0.00,,,,0,0,0,0.0,0.0,,0.0,0.0,Matches,a5ca9127
196,Aaron Cresswell,eng ENG,DF,West Ham,32-302,1989,7.8,0,4,0,0.0,0.51,0.00,0.00,,20.8,2,0,0,0.2,0.2,0.06,-0.2,-0.2,Matches,4f974391
197,Marc Cucurella,es ESP,DF,Chelsea,24-083,1998,6.0,0,4,0,0.0,0.67,0.00,0.00,,17.6,0,0,0,0.2,0.2,0.05,-0.2,-0.2,Matches,1daec722
198,Diogo Dalot,pt POR,DF,Manchester Utd,23-209,1999,7.9,0,5,3,60.0,0.63,0.38,0.00,0.00,18.8,0,0,0,0.6,0.6,0.12,-0.6,-0.6,Matches,d9565625
199,Mikkel Damsgaard,dk DEN,FWMF,Brentford,22-102,2000,1.7,0,3,3,100.0,1.78,1.78,0.00,0.00,16.0,0,0,0,0.3,0.3,0.11,-0.3,-0.3,Matches,215f3907
200,Ben Davies,wls WAL,DF,Tottenham,29-172,1993,5.9,0,3,2,66.7,0.50,0.34,0.00,0.00,17.8,0,0,0,0.1,0.1,0.04,-0.1,-0.1,Matches,44781702
201,Tom Davies,eng ENG,MF,Everton,24-105,1998,3.3,0,5,0,0.0,1.54,0.00,0.00,,17.3,0,0,0,0.4,0.4,0.07,-0.4,-0.4,Matches,9228b07c
202,Craig Dawson,eng ENG,DF,West Ham,32-160,1990,2.0,0,0,0,,0.00,0.00,,,,0,0,0,0.0,0.0,,0.0,0.0,Matches,3e9e06cb
203,Leander Dendoncker,be BEL,MF,Aston Villa,27-181,1995,0.4,0,0,0,,0.00,0.00,,,,0,0,0,0.0,0.0,,0.0,0.0,Matches,5a7301ae
204,Leander Dendoncker,be BEL,MF,Wolves,27-181,1995,2.4,0,3,2,66.7,1.26,0.84,0.00,0.00,16.5,0,0,0,0.3,0.3,0.12,-0.3,-0.3,Matches,5a7301ae
205,Halil Dervişoğlu,tr TUR,MF,Brentford,22-309,1999,0.1,0,1,0,0.0,11.25,0.00,0.00,,27.3,0,0,0,0.0,0.0,0.02,0.0,0.0,Matches,9d8cf204
206,Ibrahima Diallo,fr FRA,MF,Southampton,23-219,1999,3.3,0,2,0,0.0,0.61,0.00,0.00,,27.0,0,0,0,0.1,0.1,0.03,-0.1,-0.1,Matches,11ff3d56
207,Rúben Dias,pt POR,DF,Manchester City,25-152,1997,7.5,0,5,1,20.0,0.67,0.13,0.00,0.00,8.6,0,0,0,0.4,0.4,0.09,-0.4,-0.4,Matches,31c69ef1
208,Lucas Digne,fr FRA,DF,Aston Villa,29-085,1993,7.0,0,3,0,0.0,0.43,0.00,0.00,,16.5,0,0,0,0.2,0.2,0.06,-0.2,-0.2,Matches,1b84dbe1
209,Issa Diop,fr FRA,DF,Fulham,25-277,1997,1.6,0,0,0,,0.00,0.00,,,,0,0,0,0.0,0.0,,0.0,0.0,Matches,a712ca2b
210,Moussa Djenepo,ml MLI,DFFW,Southampton,24-120,1998,5.6,0,1,0,0.0,0.18,0.00,0.00,,14.1,0,0,0,0.1,0.1,0.07,-0.1,-0.1,Matches,254147d4
211,Matt Doherty,ie IRL,DF,Tottenham,30-270,1992,1.3,0,1,0,0.0,0.79,0.00,0.00,,12.5,0,0,0,0.2,0.2,0.15,-0.2,-0.2,Matches,d557d734
212,Abdoulaye Doucouré,ml MLI,MF,Everton,29-285,1993,1.5,0,2,1,50.0,1.33,0.67,0.00,0.00,12.0,0,0,0,0.2,0.2,0.08,-0.2,-0.2,Matches,02b29014
213,Cheick Doucouré,ml MLI,MF,Crystal Palace,22-278,2000,7.3,0,7,1,14.3,0.96,0.14,0.00,0.00,25.6,0,0,0,0.2,0.2,0.03,-0.2,-0.2,Matches,ce4f40c7
214,Flynn Downes,eng ENG,MF,West Ham,23-266,1999,0.0,0,0,0,,0.00,0.00,,,,0,0,0,0.0,0.0,,0.0,0.0,Matches,69fdb896
215,Cody Drameh,eng ENG,DF,Leeds United,20-309,2001,0.8,0,0,0,,0.00,0.00,,,,0,0,0,0.0,0.0,,0.0,0.0,Matches,e0d1510a
216,Shane Duffy,ie IRL,FWDF,Fulham,30-285,1992,0.0,0,0,0,,0.00,0.00,,,,0,0,0,0.0,0.0,,0.0,0.0,Matches,7314bba4
217,Lewis Dunk,eng ENG,DF,Brighton,30-326,1991,8.0,0,4,0,0.0,0.50,0.00,0.00,,10.2,0,0,0,0.3,0.3,0.07,-0.3,-0.3,Matches,282f75f3
218,Malcolm Ebiowei,eng ENG,FW,Crystal Palace,19-039,2003,0.1,0,0,0,,0.00,0.00,,,,0,0,0,0.0,0.0,,0.0,0.0,Matches,fa9fa773
219,Ederson,br BRA,GK,Manchester City,29-057,1993,9.0,0,0,0,,0.00,0.00,,,,0,0,0,0.0,0.0,,0.0,0.0,Matches,3bb7b8b4
220,Samuel Edozie,eng ENG,MFFW,Southampton,19-258,2003,0.6,0,0,0,,0.00,0.00,,,,0,0,0,0.0,0.0,,0.0,0.0,Matches,007414dd
221,Anthony Elanga,se SWE,FW,Manchester Utd,20-169,2002,2.4,0,3,1,33.3,1.26,0.42,0.00,0.00,15.5,0,0,0,0.5,0.5,0.18,-0.5,-0.5,Matches,2fba6108
222,Mohamed Elneny,eg EGY,MF,Arsenal,30-094,1992,1.0,0,0,0,,0.00,0.00,,,,0,0,0,0.0,0.0,,0.0,0.0,Matches,47a34c4f
223,Mohamed Elyounoussi,no NOR,FWMF,Southampton,28-070,1994,5.1,0,11,2,18.2,2.14,0.39,0.00,0.00,17.2,0,0,0,0.8,0.8,0.08,-0.8,-0.8,Matches,68dc0dac
224,Emerson,br BRA,DF,Tottenham,23-272,1999,6.9,0,6,1,16.7,0.87,0.14,0.00,0.00,14.2,0,0,0,0.3,0.3,0.05,-0.3,-0.3,Matches,df8b52a5
225,Christian Eriksen,dk DEN,MFFW,Manchester Utd,30-241,1992,7.8,0,16,7,43.8,2.05,0.90,0.00,0.00,18.1,2,0,0,1.2,1.2,0.08,-1.2,-1.2,Matches,980522ec
226,Pervis Estupiñán,ec ECU,DF,Brighton,24-265,1998,3.4,0,1,0,0.0,0.29,0.00,0.00,,32.8,0,0,0,0.0,0.0,0.02,0.0,0.0,Matches,d38fdf53
227,Jonny Evans,nir NIR,DF,Leicester City,34-283,1988,9.0,0,1,1,100.0,0.11,0.11,0.00,0.00,2.8,0,0,0,0.2,0.2,0.17,-0.2,-0.2,Matches,f8fcd2a5
228,Łukasz Fabiański,pl POL,GK,West Ham,37-178,1985,8.3,0,0,0,,0.00,0.00,,,,0,0,0,0.0,0.0,,0.0,0.0,Matches,9328b835
229,Fabinho,br BRA,MF,Liverpool,28-355,1993,6.2,0,4,2,50.0,0.64,0.32,0.00,0.00,14.6,0,0,0,0.2,0.2,0.06,-0.2,-0.2,Matches,7f3b388c
230,Wout Faes,be BEL,DF,Leicester City,24-193,1998,3.0,0,2,0,0.0,0.67,0.00,0.00,,8.0,0,0,0,0.2,0.2,0.09,-0.2,-0.2,Matches,9c221d14
231,Junior Firpo,es ESP,DF,Leeds United,26-052,1996,0.4,0,0,0,,0.00,0.00,,,,0,0,0,0.0,0.0,,0.0,0.0,Matches,24f59bb2
232,Wesley Fofana,fr FRA,DF,Leicester City,21-300,2000,2.0,0,2,1,50.0,1.00,0.50,0.00,0.00,11.7,0,0,0,0.4,0.4,0.18,-0.4,-0.4,Matches,132a82f1
233,Wesley Fofana,fr FRA,DF,Chelsea,21-300,2000,2.0,0,1,0,0.0,0.50,0.00,0.00,,32.3,0,0,0,0.0,0.0,0.01,0.0,0.0,Matches,132a82f1
234,Adam Forshaw,eng ENG,MF,Leeds United,31-005,1991,0.6,0,0,0,,0.00,0.00,,,,0,0,0,0.0,0.0,,0.0,0.0,Matches,9f1938ab
235,Tyrese Francois,au AUS,FW,Fulham,22-089,2000,0.0,0,0,0,,0.00,0.00,,,,0,0,0,0.0,0.0,,0.0,0.0,Matches,6722d4f0
236,Ryan Fraser,sct SCO,FW,Newcastle Utd,28-231,1994,2.9,0,6,1,16.7,2.05,0.34,0.00,0.00,15.8,0,0,0,0.5,0.5,0.08,-0.5,-0.5,Matches,d56543a0
237,Fred,br BRA,MF,Manchester Utd,29-222,1993,1.9,0,2,1,50.0,1.08,0.54,0.00,0.00,20.7,0,0,0,0.2,0.2,0.08,-0.2,-0.2,Matches,b853e0ad
238,Ryan Fredericks,eng ENG,DF,Bournemouth,30-003,1992,1.5,0,0,0,,0.00,0.00,,,,0,0,0,0.0,0.0,,0.0,0.0,Matches,c067631c
239,Remo Freuler,ch SUI,MF,Nott'ham Forest,30-181,1992,3.4,0,2,0,0.0,0.58,0.00,0.00,,21.0,0,0,0,0.1,0.1,0.04,-0.1,-0.1,Matches,98d2c2c4
240,Idrissa Gana Gueye,sn SEN,MF,Everton,33-017,1989,3.2,0,0,0,,0.00,0.00,,,,0,0,0,0.0,0.0,,0.0,0.0,Matches,72c812f3
241,Alejandro Garnacho,es ESP,MF,Manchester Utd,18-104,2004,0.0,0,0,0,,0.00,0.00,,,,0,0,0,0.0,0.0,,0.0,0.0,Matches,7aa8adfe
242,James Garner,eng ENG,MF,Everton,21-214,2001,0.2,0,2,1,50.0,11.25,5.63,0.00,0.00,21.8,0,0,0,0.1,0.1,0.03,-0.1,-0.1,Matches,4e015693
243,David de Gea,es ESP,GK,Manchester Utd,31-340,1990,8.0,0,0,0,,0.00,0.00,,,,0,0,0,0.0,0.0,,0.0,0.0,Matches,7ba6d84e
244,Joe Gelhardt,eng ENG,FW,Leeds United,20-162,2002,1.5,0,7,2,28.6,4.74,1.35,0.00,0.00,25.7,0,0,0,0.8,0.8,0.12,-0.8,-0.8,Matches,01962d0d
245,Saman Ghoddos,ir IRN,DFFW,Brentford,29-037,1993,0.3,0,0,0,,0.00,0.00,,,,0,0,0,0.0,0.0,,0.0,0.0,Matches,f7b1d4e0
246,Morgan Gibbs-White,eng ENG,FW,Wolves,22-259,2000,2.0,0,3,1,33.3,1.50,0.50,0.00,0.00,11.7,0,0,0,0.6,0.6,0.21,-0.6,-0.6,Matches,32f60ed8
247,Morgan Gibbs-White,eng ENG,MFFW,Nott'ham Forest,22-259,2000,6.0,0,8,2,25.0,1.34,0.34,0.00,0.00,19.9,1,0,0,0.6,0.6,0.07,-0.6,-0.6,Matches,32f60ed8
248,Billy Gilmour,sct SCO,MF,Brighton,21-124,2001,0.0,0,0,0,,0.00,0.00,,,,0,0,0,0.0,0.0,,0.0,0.0,Matches,df10e27c
249,Ben Godfrey,eng ENG,DF,Everton,24-271,1998,0.2,0,0,0,,0.00,0.00,,,,0,0,0,0.0,0.0,,0.0,0.0,Matches,9f7c837d
250,Toti Gomes,pt POR,DF,Wolves,23-270,1999,1.0,0,0,0,,0.00,0.00,,,,0,0,0,0.0,0.0,,0.0,0.0,Matches,f0caab96
251,Joe Gomez,eng ENG,DF,Liverpool,25-143,1997,4.8,0,2,0,0.0,0.42,0.00,0.00,,24.1,0,0,0,0.1,0.1,0.03,-0.1,-0.1,Matches,7a11550b
252,Sergio Gómez,es ESP,DFMF,Manchester City,22-039,2000,1.2,0,2,0,0.0,1.62,0.00,0.00,,19.0,0,0,0,0.1,0.1,0.05,-0.1,-0.1,Matches,01e5f06e
253,Sam Greenwood,eng ENG,MFFW,Leeds United,20-260,2002,0.3,0,3,0,0.0,8.71,0.00,0.00,,21.9,2,0,0,0.2,0.2,0.06,-0.2,-0.2,Matches,f3354c07
254,Vicente Guaita,es ESP,GK,Crystal Palace,35-276,1987,8.0,0,0,0,,0.00,0.00,,,,0,0,0,0.0,0.0,,0.0,0.0,Matches,ab13a5aa
255,Gonçalo Guedes,pt POR,FWMF,Wolves,25-318,1996,5.4,0,11,3,27.3,2.04,0.56,0.00,0.00,18.8,0,0,0,0.6,0.6,0.06,-0.6,-0.6,Matches,e6bc67d7
256,Marc Guéhi,eng ENG,DF,Crystal Palace,22-092,2000,8.0,0,2,1,50.0,0.25,0.12,0.00,0.00,8.0,0,0,0,0.1,0.1,0.07,-0.1,-0.1,Matches,d0706b27
257,Jan Paul van Hecke,nl NED,DF,Brighton,22-127,2000,0.0,0,0,0,,0.00,0.00,,,,0,0,0,0.0,0.0,,0.0,0.0,Matches,4fd08daa
258,Hwang Hee-chan,kr KOR,FW,Wolves,26-260,1996,2.5,0,5,3,60.0,2.03,1.22,0.00,0.00,18.0,0,0,0,0.7,0.7,0.13,-0.7,-0.7,Matches,169fd162
259,Dean Henderson,eng ENG,GK,Nott'ham Forest,25-215,1997,9.0,0,0,0,,0.00,0.00,,,,0,0,0,0.0,0.0,,0.0,0.0,Matches,e5a76dfe
260,Jordan Henderson,eng ENG,MF,Liverpool,32-118,1990,5.1,0,4,0,0.0,0.78,0.00,0.00,,21.5,0,0,0,0.2,0.2,0.05,-0.2,-0.2,Matches,935e6b8f
261,Rico Henry,eng ENG,DF,Brentford,25-097,1997,9.0,0,6,2,33.3,0.67,0.22,0.00,0.00,19.6,0,0,0,0.4,0.4,0.07,-0.4,-0.4,Matches,8a3c1dc7
262,Aaron Hickey,sct SCO,DF,Brentford,20-125,2002,7.5,0,3,1,33.3,0.40,0.13,0.00,0.00,22.9,0,0,0,0.1,0.1,0.02,-0.1,-0.1,Matches,1780bb4a
263,Joseph Hodge,ie IRL,MF,Wolves,20-029,2002,0.5,0,0,0,,0.00,0.00,,,,0,0,0,0.0,0.0,,0.0,0.0,Matches,bd8a5d95
264,Rob Holding,eng ENG,DF,Arsenal,27-023,1995,0.0,0,0,0,,0.00,0.00,,,,0,0,0,0.0,0.0,,0.0,0.0,Matches,d79a8c87
265,Mason Holgate,eng ENG,DF,Everton,25-356,1996,3.6,0,3,0,0.0,0.84,0.00,0.00,,12.4,0,0,0,0.3,0.3,0.10,-0.3,-0.3,Matches,d0042ab9
266,Will Hughes,eng ENG,MF,Crystal Palace,27-179,1995,0.7,0,2,2,100.0,2.86,2.86,0.00,0.00,14.8,0,0,0,0.3,0.3,0.16,-0.3,-0.3,Matches,a0666d3e
267,Daniel James,wls WAL,FWMF,Fulham,24-337,1997,2.2,0,4,0,0.0,1.83,0.00,0.00,,15.2,0,0,0,0.3,0.3,0.08,-0.3,-0.3,Matches,c931d9f9
268,Daniel James,wls WAL,FW,Leeds United,24-337,1997,2.2,0,3,1,33.3,1.36,0.45,0.00,0.00,17.4,0,0,0,0.3,0.3,0.08,-0.3,-0.3,Matches,c931d9f9
269,Pontus Jansson,se SWE,DF,Brentford,31-242,1991,5.7,0,1,0,0.0,0.18,0.00,0.00,,14.0,0,0,0,0.0,0.0,0.03,0.0,0.0,Matches,172e52d8
270,Raúl Jiménez,mx MEX,FW,Wolves,31-161,1991,2.4,0,7,3,42.9,2.97,1.27,0.00,0.00,11.6,0,0,0,0.8,0.8,0.12,-0.8,-0.8,Matches,b561db50
271,Joelinton,br BRA,MF,Newcastle Utd,26-060,1996,7.3,0,11,4,36.4,1.51,0.55,0.00,0.00,13.5,0,0,0,1.3,1.3,0.12,-1.3,-1.3,Matches,c17bfb65
272,Ben Johnson,eng ENG,DF,West Ham,22-262,2000,2.4,0,0,0,,0.00,0.00,,,,0,0,0,0.0,0.0,,0.0,0.0,Matches,9319781b
273,Mathias Jørgensen,dk DEN,DF,Brentford,32-173,1990,2.3,0,1,0,0.0,0.43,0.00,0.00,,4.0,0,0,0,0.2,0.2,0.15,-0.2,-0.2,Matches,0db5d2c8
274,Diogo Jota,pt POR,MFFW,Liverpool,25-313,1996,1.2,0,2,0,0.0,1.68,0.00,0.00,,6.0,0,0,0,0.9,0.9,0.43,-0.9,-0.9,Matches,178ae8f8
275,James Justin,eng ENG,DF,Leicester City,24-232,1998,8.9,0,3,0,0.0,0.34,0.00,0.00,,22.3,0,0,0,0.2,0.2,0.06,-0.2,-0.2,Matches,fb614c44
276,Sasa Kalajdzic,at AUT,FW,Wolves,25-098,1997,0.5,0,1,0,0.0,2.00,0.00,0.00,,5.0,0,0,0,0.2,0.2,0.19,-0.2,-0.2,Matches,15f24fe7
277,Boubacar Kamara,fr FRA,MF,Aston Villa,22-324,1999,6.3,0,1,0,0.0,0.16,0.00,0.00,,32.0,0,0,0,0.0,0.0,0.02,0.0,0.0,Matches,cc77354e
278,N'Golo Kanté,fr FRA,MF,Chelsea,31-198,1991,1.9,0,2,1,50.0,1.03,0.52,0.00,0.00,21.8,0,0,0,0.1,0.1,0.05,-0.1,-0.1,Matches,b9fbae28
279,Michael Keane,eng ENG,DF,Everton,29-275,1993,0.3,0,0,0,,0.00,0.00,,,,0,0,0,0.0,0.0,,0.0,0.0,Matches,c5b7c315
280,Neeskens Kebano,cd COD,FW,Fulham,30-217,1992,5.3,0,7,1,14.3,1.33,0.19,0.00,0.00,16.6,0,0,0,0.5,0.5,0.07,-0.5,-0.5,Matches,18b999f4
281,Thilo Kehrer,de GER,DF,West Ham,26-022,1996,7.0,0,2,0,0.0,0.29,0.00,0.00,,19.8,0,0,0,0.1,0.1,0.04,-0.1,-0.1,Matches,51dbeea9
282,Lloyd Kelly,eng ENG,DF,Bournemouth,24-007,1998,5.0,0,0,0,,0.00,0.00,,,,0,0,0,0.0,0.0,,0.0,0.0,Matches,f31def1e
283,Max Kilman,eng ENG,DF,Wolves,25-143,1997,9.0,0,3,0,0.0,0.33,0.00,0.00,,7.6,0,0,0,0.3,0.3,0.11,-0.3,-0.3,Matches,d0f72bf1
284,Mateusz Klich,pl POL,MF,Leeds United,32-122,1990,1.8,0,3,0,0.0,1.70,0.00,0.00,,14.4,0,0,0,0.2,0.2,0.06,-0.2,-0.2,Matches,282679b4
285,Robin Koch,de GER,DF,Leeds United,26-088,1996,8.0,0,3,1,33.3,0.37,0.12,0.00,0.00,15.7,0,0,0,0.1,0.1,0.04,-0.1,-0.1,Matches,ea6bc03a
286,Ibrahima Konaté,fr FRA,DF,Liverpool,23-141,1999,0.2,0,0,0,,0.00,0.00,,,,0,0,0,0.0,0.0,,0.0,0.0,Matches,5ed9b537
287,Ezri Konsa,eng ENG,DF,Aston Villa,24-355,1997,8.0,0,2,0,0.0,0.25,0.00,0.00,,4.9,0,0,0,0.2,0.2,0.12,-0.2,-0.2,Matches,0313a347
288,Mateo Kovačić,hr CRO,MF,Chelsea,28-160,1994,2.7,0,2,0,0.0,0.73,0.00,0.00,,25.5,0,0,0,0.1,0.1,0.03,-0.1,-0.1,Matches,79c0821a
289,Emil Krafth,se SWE,DF,Newcastle Utd,28-072,1994,0.0,0,0,0,,0.00,0.00,,,,0,0,0,0.0,0.0,,0.0,0.0,Matches,77cf6852
290,Layvin Kurzawa,fr FRA,DF,Fulham,30-039,1992,0.5,0,0,0,,0.00,0.00,,,,0,0,0,0.0,0.0,,0.0,0.0,Matches,41e7ef1c
291,Adam Lallana,eng ENG,MF,Brighton,34-156,1988,2.5,0,2,2,100.0,0.80,0.80,0.00,0.00,10.5,0,0,0,0.3,0.3,0.16,-0.3,-0.3,Matches,99813635
292,Tariq Lamptey,gh GHA,DF,Brighton,22-013,2000,1.0,0,0,0,,0.00,0.00,,,,0,0,0,0.0,0.0,,0.0,0.0,Matches,f4e433d4
293,Manuel Lanzini,ar ARG,MFFW,West Ham,29-240,1993,1.1,0,2,0,0.0,1.89,0.00,0.00,,28.0,0,0,0,0.1,0.1,0.03,-0.1,-0.1,Matches,26f6dca8
294,Aymeric Laporte,es ESP,DF,Manchester City,28-139,1994,0.2,0,1,0,0.0,5.63,0.00,0.00,,9.0,0,0,0,0.1,0.1,0.06,-0.1,-0.1,Matches,119b9a8e
295,Juan Larios,es ESP,DF,Southampton,18-274,2004,1.3,0,0,0,,0.00,0.00,,,,0,0,0,0.0,0.0,,0.0,0.0,Matches,cf7fb13a
296,Jamaal Lascelles,eng ENG,DF,Newcastle Utd,28-336,1993,1.1,0,0,0,,0.00,0.00,,,,0,0,0,0.0,0.0,,0.0,0.0,Matches,450ab6fc
297,Clément Lenglet,fr FRA,DF,Tottenham,27-118,1995,2.8,0,1,0,0.0,0.35,0.00,0.00,,8.1,0,0,0,0.0,0.0,0.03,0.0,0.0,Matches,4f28a6ff
298,Bernd Leno,de GER,GK,Fulham,30-223,1992,7.0,0,0,0,,0.00,0.00,,,,0,0,0,0.0,0.0,,0.0,0.0,Matches,2628fd2b
299,Jamal Lewis,nir NIR,DF,Newcastle Utd,24-261,1998,0.1,0,0,0,,0.00,0.00,,,,0,0,0,0.0,0.0,,0.0,0.0,Matches,efb9215a
300,Rico Lewis,eng ENG,DFMF,Manchester City,17-326,2004,0.4,0,0,0,,0.00,0.00,,,,0,0,0,0.0,0.0,,0.0,0.0,Matches,b57e066e
301,Keane Lewis-Potter,eng ENG,FWMF,Brentford,21-233,2001,2.4,0,6,2,33.3,2.55,0.85,0.00,0.00,14.5,0,0,0,0.6,0.6,0.09,-0.6,-0.6,Matches,41f08ac8
302,Victor Lindelöf,se SWE,DF,Manchester Utd,28-088,1994,1.6,0,0,0,,0.00,0.00,,,,0,0,0,0.0,0.0,,0.0,0.0,Matches,f5deef4c
303,Jesse Lingard,eng ENG,MFFW,Nott'ham Forest,29-302,1992,5.5,0,6,1,16.7,1.10,0.18,0.00,0.00,18.5,0,0,0,0.4,0.4,0.07,-0.4,-0.4,Matches,810e3c74
304,Diego Llorente,es ESP,DF,Leeds United,29-058,1993,6.0,0,5,0,0.0,0.83,0.00,0.00,,11.0,0,0,0,0.4,0.4,0.08,-0.4,-0.4,Matches,bba30585
305,Hugo Lloris,fr FRA,GK,Tottenham,35-291,1986,9.0,0,0,0,,0.00,0.00,,,,0,0,0,0.0,0.0,,0.0,0.0,Matches,8f62b6ee
306,Renan Lodi,br BRA,DF,Nott'ham Forest,24-188,1998,3.8,0,3,0,0.0,0.80,0.00,0.00,,10.2,0,0,0,0.2,0.2,0.07,-0.2,-0.2,Matches,ed9f7cfe
307,Ruben Loftus-Cheek,eng ENG,MFDF,Chelsea,26-263,1996,5.8,0,5,1,20.0,0.86,0.17,0.00,0.00,13.2,0,0,0,0.7,0.7,0.14,-0.7,-0.7,Matches,e97fd090
308,Jamal Lowe,jm JAM,FW,Bournemouth,28-084,1994,0.0,0,0,0,,0.00,0.00,,,,0,0,0,0.0,0.0,,0.0,0.0,Matches,b2856bc0
309,Lyanco,br BRA,DFMF,Southampton,25-254,1997,0.1,0,0,0,,0.00,0.00,,,,0,0,0,0.0,0.0,,0.0,0.0,Matches,b5bf1770
310,Harry Maguire,eng ENG,DF,Manchester Utd,29-222,1993,2.1,0,1,0,0.0,0.47,0.00,0.00,,5.0,0,0,0,0.2,0.2,0.18,-0.2,-0.2,Matches,d8931174
311,Ainsley Maitland-Niles,eng ENG,MF,Southampton,25-045,1997,0.9,0,0,0,,0.00,0.00,,,,0,0,0,0.0,0.0,,0.0,0.0,Matches,e3a5814e
312,Tyrell Malacia,nl NED,DF,Manchester Utd,23-057,1999,5.0,0,1,0,0.0,0.20,0.00,0.00,,24.4,0,0,0,0.0,0.0,0.03,0.0,0.0,Matches,6b6c793c
313,Orel Mangala,be BEL,MF,Nott'ham Forest,24-209,1998,1.9,0,2,1,50.0,1.03,0.51,0.00,0.00,20.3,0,0,0,0.1,0.1,0.04,-0.1,-0.1,Matches,a572e291
314,Sekou Mara,fr FRA,FWMF,Southampton,20-075,2002,2.1,0,10,1,10.0,4.69,0.47,0.00,0.00,15.6,0,0,0,0.4,0.4,0.04,-0.4,-0.4,Matches,3544641e
315,Solly March,eng ENG,DFMF,Brighton,28-085,1994,7.5,0,18,8,44.4,2.40,1.07,0.00,0.00,15.4,0,0,0,1.8,1.8,0.10,-1.8,-1.8,Matches,bb5fbd2b
316,Emiliano Marcondes,dk DEN,MF,Bournemouth,27-218,1995,0.1,0,0,0,,0.00,0.00,,,,0,0,0,0.0,0.0,,0.0,0.0,Matches,4d960fc3
317,Marquinhos,br BRA,FW,Arsenal,19-189,2003,0.0,0,0,0,,0.00,0.00,,,,0,0,0,0.0,0.0,,0.0,0.0,Matches,59878425
318,Emiliano Martínez,ar ARG,GK,Aston Villa,30-041,1992,9.0,0,0,0,,0.00,0.00,,,,0,0,0,0.0,0.0,,0.0,0.0,Matches,7956236f
319,Lisandro Martínez,ar ARG,DF,Manchester Utd,24-268,1998,7.4,0,3,0,0.0,0.41,0.00,0.00,,16.6,0,0,0,0.2,0.2,0.07,-0.2,-0.2,Matches,bac46a10
320,Joël Matip,cm CMR,DF,Liverpool,31-066,1991,2.9,0,0,0,,0.00,0.00,,,,0,0,0,0.0,0.0,,0.0,0.0,Matches,b217ef29
321,Kevin Mbabu,ch SUI,DF,Fulham,27-177,1995,1.5,0,0,0,,0.00,0.00,,,,0,0,0,0.0,0.0,,0.0,0.0,Matches,493924a7
322,John McGinn,sct SCO,MF,Aston Villa,27-360,1994,8.1,0,14,0,0.0,1.72,0.00,0.00,,24.0,0,0,0,0.5,0.5,0.04,-0.5,-0.5,Matches,90f91999
323,Scott McKenna,sct SCO,DF,Nott'ham Forest,25-335,1996,9.0,0,0,0,,0.00,0.00,,,,0,0,0,0.0,0.0,,0.0,0.0,Matches,4e5a4cbc
324,Scott McTominay,sct SCO,MF,Manchester Utd,25-309,1996,6.1,0,3,1,33.3,0.49,0.16,0.00,0.00,13.0,0,0,0,0.2,0.2,0.07,-0.2,-0.2,Matches,d93c2511
325,Edouard Mendy,sn SEN,GK,Chelsea,30-226,1992,6.0,0,0,0,,0.00,0.00,,,,0,0,0,0.0,0.0,,0.0,0.0,Matches,33887998
326,Chris Mepham,wls WAL,DF,Bournemouth,24-342,1997,8.9,0,2,1,50.0,0.22,0.11,0.00,0.00,12.8,0,0,0,0.1,0.1,0.05,-0.1,-0.1,Matches,fed96827
327,Illan Meslier,fr FRA,GK,Leeds United,22-225,2000,8.0,0,0,0,,0.00,0.00,,,,0,0,0,0.0,0.0,,0.0,0.0,Matches,6b625ac2
328,Alexander Mighten,eng ENG,FW,Nott'ham Forest,20-185,2002,0.1,0,0,0,,0.00,0.00,,,,0,0,0,0.0,0.0,,0.0,0.0,Matches,10ec4169
329,Luka Milivojević,rs SRB,MF,Crystal Palace,31-189,1991,0.9,0,0,0,,0.00,0.00,,,,0,0,0,0.0,0.0,,0.0,0.0,Matches,2ce2508a
330,James Milner,eng ENG,MFDF,Liverpool,36-282,1986,3.0,0,4,1,25.0,1.32,0.33,0.00,0.00,13.7,0,0,0,0.3,0.3,0.08,-0.3,-0.3,Matches,2f90f6b8
331,Yerry Mina,co COL,DF,Everton,28-020,1994,0.8,0,0,0,,0.00,0.00,,,,0,0,0,0.0,0.0,,0.0,0.0,Matches,6d5701f2
332,Tyrone Mings,eng ENG,DF,Aston Villa,29-214,1993,7.0,0,1,0,0.0,0.14,0.00,0.00,,20.0,0,0,0,0.0,0.0,0.03,0.0,0.0,Matches,8397a50c
333,Tyrick Mitchell,eng ENG,DF,Crystal Palace,23-042,1999,5.6,0,0,0,,0.00,0.00,,,,0,0,0,0.0,0.0,,0.0,0.0,Matches,5cbd1eb0
334,Kaoru Mitoma,jp JPN,DFMF,Brighton,25-146,1997,1.2,0,2,1,50.0,1.67,0.83,0.00,0.00,13.3,0,0,0,0.1,0.1,0.03,-0.1,-0.1,Matches,74618572
335,Mason Mount,eng ENG,MFFW,Chelsea,23-276,1999,6.1,0,15,2,13.3,2.45,0.33,0.00,0.00,16.0,0,0,0,1.0,1.0,0.07,-1.0,-1.0,Matches,9674002f
336,Lucas Moura,br BRA,DFFW,Tottenham,30-061,1992,0.2,0,0,0,,0.00,0.00,,,,0,0,0,0.0,0.0,,0.0,0.0,Matches,2b622f01
337,João Moutinho,pt POR,MF,Wolves,36-035,1986,6.6,0,5,1,20.0,0.76,0.15,0.00,0.00,20.0,3,0,0,0.4,0.4,0.07,-0.4,-0.4,Matches,f5a00fa4
338,Enock Mwepu,zm ZAM,FWMF,Brighton,24-285,1998,2.4,0,2,1,50.0,0.85,0.42,0.00,0.00,14.1,0,0,0,0.0,0.0,0.02,0.0,0.0,Matches,1d5cab82
339,Vitaliy Mykolenko,ua UKR,DF,Everton,23-137,1999,8.9,0,4,1,25.0,0.45,0.11,0.00,0.00,22.3,0,0,0,0.3,0.3,0.08,-0.3,-0.3,Matches,30d4a2e5
340,Wilfred Ndidi,ng NGA,MFDF,Leicester City,25-301,1996,6.5,0,2,0,0.0,0.31,0.00,0.00,,24.8,0,0,0,0.1,0.1,0.03,-0.1,-0.1,Matches,6b47c5db
341,Neto,br BRA,GK,Bournemouth,33-086,1989,5.0,0,0,0,,0.00,0.00,,,,0,0,0,0.0,0.0,,0.0,0.0,Matches,a9dc785c
342,Pedro Neto,pt POR,FWMF,Wolves,22-218,2000,6.7,0,11,2,18.2,1.65,0.30,0.00,0.00,20.2,0,0,0,0.7,0.7,0.06,-0.7,-0.7,Matches,7ba2eaa9
343,Moussa Niakhate,fr FRA,DF,Nott'ham Forest,26-219,1996,1.8,0,3,2,66.7,1.69,1.13,0.00,0.00,7.1,0,0,0,0.5,0.5,0.15,-0.5,-0.5,Matches,00242715
344,Rasmus Nissen,dk DEN,DF,Leeds United,25-094,1997,6.7,0,1,1,100.0,0.15,0.15,0.00,0.00,4.1,0,0,0,0.4,0.4,0.39,-0.4,-0.4,Matches,39769cff
345,Eddie Nketiah,eng ENG,FW,Arsenal,23-136,1999,1.2,0,6,3,50.0,5.05,2.52,0.00,0.00,14.6,0,0,0,0.7,0.7,0.12,-0.7,-0.7,Matches,a53649b7
346,Matheus Nunes,pt POR,MF,Wolves,24-047,1998,6.6,0,11,1,9.1,1.66,0.15,0.00,0.00,15.1,0,0,0,0.8,0.8,0.07,-0.8,-0.8,Matches,e6af02e0
347,Ethan Nwaneri,eng ENG,MF,Arsenal,15-206,2007,0.0,0,0,0,,0.00,0.00,,,,0,0,0,0.0,0.0,,0.0,0.0,Matches,7f94982c
348,Angelo Ogbonna,it ITA,DF,West Ham,34-143,1988,0.3,0,0,0,,0.00,0.00,,,,0,0,0,0.0,0.0,,0.0,0.0,Matches,74b2cd7e
349,Michael Olise,fr FRA,MFFW,Crystal Palace,20-305,2001,3.6,0,5,2,40.0,1.39,0.56,0.00,0.00,21.9,0,0,0,0.2,0.2,0.03,-0.2,-0.2,Matches,c4486bac
350,Amadou Onana,be BEL,MF,Everton,21-058,2001,6.2,0,9,0,0.0,1.46,0.00,0.00,,13.0,0,0,0,1.0,1.0,0.11,-1.0,-1.0,Matches,828657ff
351,Josh Onomah,eng ENG,MF,Fulham,25-169,1997,0.2,0,0,0,,0.00,0.00,,,,0,0,0,0.0,0.0,,0.0,0.0,Matches,6612cd8c
352,Frank Onyeka,ng NGA,MF,Brentford,24-285,1998,1.4,0,0,0,,0.00,0.00,,,,0,0,0,0.0,0.0,,0.0,0.0,Matches,2944f86f
353,Cole Palmer,eng ENG,MFFW,Manchester City,20-160,2002,1.0,0,1,0,0.0,0.98,0.00,0.00,,19.8,0,0,0,0.0,0.0,0.04,0.0,0.0,Matches,dc7f8a28
354,Emerson Palmieri,it ITA,DFFW,West Ham,28-071,1994,1.8,0,1,0,0.0,0.54,0.00,0.00,,17.0,0,0,0,0.0,0.0,0.04,0.0,0.0,Matches,e0bc6fdc
355,Lucas Paquetá,br BRA,MFFW,West Ham,25-047,1997,3.6,0,7,3,42.9,1.96,0.84,0.00,0.00,18.0,0,0,0,0.5,0.5,0.07,-0.5,-0.5,Matches,9b6f7fd5
356,Nathan Patterson,sct SCO,DF,Everton,20-362,2001,7.0,0,5,1,20.0,0.71,0.14,0.00,0.00,18.6,0,0,0,0.3,0.3,0.07,-0.3,-0.3,Matches,230f0471
357,Ben Pearson,eng ENG,MF,Bournemouth,27-282,1995,2.3,0,1,1,100.0,0.43,0.43,0.00,0.00,19.1,0,0,0,0.0,0.0,0.05,0.0,0.0,Matches,a6b461e7
358,Ayoze Pérez,es ESP,MF,Leicester City,29-076,1993,1.2,0,2,0,0.0,1.71,0.00,0.00,,13.9,0,0,0,0.1,0.1,0.06,-0.1,-0.1,Matches,819aa8e7
359,Ivan Perišić,hr CRO,DF,Tottenham,33-253,1989,4.6,0,3,0,0.0,0.65,0.00,0.00,,15.8,0,0,0,0.2,0.2,0.07,-0.2,-0.2,Matches,6fe90922
360,Romain Perraud,fr FRA,DF,Southampton,25-021,1997,3.7,0,7,0,0.0,1.90,0.00,0.00,,21.2,0,0,0,0.2,0.2,0.03,-0.2,-0.2,Matches,6dfd8f05
361,Kalvin Phillips,eng ENG,MF,Manchester City,26-315,1995,0.0,0,0,0,,0.00,0.00,,,,0,0,0,0.0,0.0,,0.0,0.0,Matches,4f565d77
362,Nathaniel Phillips,eng ENG,DF,Liverpool,25-206,1997,0.7,0,1,0,0.0,1.45,0.00,0.00,,9.0,0,0,0,0.1,0.1,0.05,-0.1,-0.1,Matches,515ebe8d
363,Jordan Pickford,eng ENG,GK,Everton,28-220,1994,8.0,0,0,0,,0.00,0.00,,,,0,0,0,0.0,0.0,,0.0,0.0,Matches,4806ec67
364,Ethan Pinnock,jm JAM,DF,Brentford,29-137,1993,1.0,0,0,0,,0.00,0.00,,,,0,0,0,0.0,0.0,,0.0,0.0,Matches,e541326e
365,Nick Pope,eng ENG,GK,Newcastle Utd,30-177,1992,9.0,0,0,0,,0.00,0.00,,,,0,0,0,0.0,0.0,,0.0,0.0,Matches,4b40d9ca
366,Dennis Praet,be BEL,FWMF,Leicester City,28-152,1994,1.0,0,0,0,,0.00,0.00,,,,0,0,0,0.0,0.0,,0.0,0.0,Matches,86695068
367,Aaron Ramsdale,eng ENG,GK,Arsenal,24-152,1998,9.0,0,0,0,,0.00,0.00,,,,0,0,0,0.0,0.0,,0.0,0.0,Matches,466fb2c5
368,David Raya,es ESP,GK,Brentford,27-028,1995,9.0,0,0,0,,0.00,0.00,,,,0,0,0,0.0,0.0,,0.0,0.0,Matches,98ea5115
369,Tim Ream,us USA,DF,Fulham,35-008,1987,9.0,0,1,0,0.0,0.11,0.00,0.00,,11.0,0,0,0,0.1,0.1,0.10,-0.1,-0.1,Matches,28b40c9c
370,Nathan Redmond,eng ENG,DF,Southampton,28-221,1994,0.0,0,0,0,,0.00,0.00,,,,0,0,0,0.0,0.0,,0.0,0.0,Matches,ab651565
371,Declan Rice,eng ENG,MF,West Ham,23-272,1999,9.0,0,6,1,16.7,0.67,0.11,0.00,0.00,25.7,0,0,1,1.1,0.3,0.04,-1.1,-0.3,Matches,1c7012b8
372,Chris Richards,us USA,DF,Crystal Palace,22-199,2000,0.5,0,1,0,0.0,1.91,0.00,0.00,,10.0,0,0,0,0.0,0.0,0.05,0.0,0.0,Matches,0a3d6d2b
373,Richarlison,br BRA,MFFW,Tottenham,25-156,1997,3.6,0,8,3,37.5,2.25,0.84,0.00,0.00,12.4,0,0,0,1.1,1.1,0.14,-1.1,-1.1,Matches,fa031b34
374,Matt Ritchie,sct SCO,FW,Newcastle Utd,33-033,1989,0.0,0,0,0,,0.00,0.00,,,,0,0,0,0.0,0.0,,0.0,0.0,Matches,71ef519e
375,Andrew Robertson,sct SCO,DF,Liverpool,28-216,1994,4.5,0,3,0,0.0,0.67,0.00,0.00,,13.9,0,0,0,0.2,0.2,0.06,-0.2,-0.2,Matches,2e4f5f03
376,Antonee Robinson,us USA,DF,Fulham,25-066,1997,6.3,0,1,0,0.0,0.16,0.00,0.00,,26.3,0,0,0,0.0,0.0,0.03,0.0,0.0,Matches,289601e6
377,Marek Rodák,sk SVK,GK,Fulham,25-304,1996,2.0,0,0,0,,0.00,0.00,,,,0,0,0,0.0,0.0,,0.0,0.0,Matches,17acc2ed
378,Rodri,es ESP,MF,Manchester City,26-113,1996,7.5,0,11,2,18.2,1.47,0.27,0.00,0.00,19.4,0,0,0,0.5,0.5,0.04,-0.5,-0.5,Matches,6434f10d
379,Mads Roerslev,dk DEN,DF,Brentford,23-111,1999,1.0,0,0,0,,0.00,0.00,,,,0,0,0,0.0,0.0,,0.0,0.0,Matches,57c94db2
380,Cristian Romero,ar ARG,DF,Tottenham,24-169,1998,5.4,0,3,1,33.3,0.56,0.19,0.00,0.00,7.6,0,0,0,0.2,0.2,0.08,-0.2,-0.2,Matches,a3d94a58
381,Oriol Romeu,es ESP,MF,Southampton,31-019,1991,0.8,0,0,0,,0.00,0.00,,,,0,0,0,0.0,0.0,,0.0,0.0,Matches,4b511457
382,Salomón Rondón,ve VEN,FW,Everton,33-027,1989,1.1,0,4,1,25.0,3.64,0.91,0.00,0.00,19.3,0,0,0,0.7,0.7,0.18,-0.7,-0.7,Matches,b318a643
383,José Sá,pt POR,GK,Wolves,29-269,1993,9.0,0,0,0,,0.00,0.00,,,,0,0,0,0.0,0.0,,0.0,0.0,Matches,903b6e8b
384,Mohammed Salisu,gh GHA,DF,Southampton,23-179,1999,8.0,0,4,0,0.0,0.50,0.00,0.00,,7.6,0,0,0,0.3,0.3,0.07,-0.3,-0.3,Matches,0b33f6ad
385,Albert Sambi Lokonga,be BEL,MF,Arsenal,22-356,1999,2.2,0,0,0,,0.00,0.00,,,,0,0,0,0.0,0.0,,0.0,0.0,Matches,1b4f1169
386,Davinson Sánchez,co COL,DF,Tottenham,26-123,1996,3.9,0,3,1,33.3,0.78,0.26,0.00,0.00,6.6,0,0,0,0.3,0.3,0.09,-0.3,-0.3,Matches,da7b447d
387,Robert Sánchez,es ESP,GK,Brighton,24-329,1997,8.0,0,0,0,,0.00,0.00,,,,0,0,0,0.0,0.0,,0.0,0.0,Matches,6a713852
388,Jeffrey Schlupp,gh GHA,MFDF,Crystal Palace,29-294,1992,6.8,0,9,2,22.2,1.32,0.29,0.00,0.00,18.0,0,0,0,0.6,0.6,0.07,-0.6,-0.6,Matches,3312f911
389,Nélson Semedo,pt POR,DF,Wolves,28-331,1993,3.9,0,1,0,0.0,0.25,0.00,0.00,,23.3,0,0,0,0.0,0.0,0.02,0.0,0.0,Matches,d04b94db
390,Marcos Senesi,ar ARG,DF,Bournemouth,25-156,1997,4.6,0,0,0,,0.00,0.00,,,,0,0,0,0.0,0.0,,0.0,0.0,Matches,35141f4c
391,Luke Shaw,eng ENG,DF,Manchester Utd,27-093,1995,3.0,0,1,1,100.0,0.33,0.33,0.00,0.00,7.8,0,0,0,0.1,0.1,0.11,-0.1,-0.1,Matches,9c94165b
392,Thiago Silva,br BRA,DF,Chelsea,38-021,1984,7.0,0,4,0,0.0,0.57,0.00,0.00,,15.9,0,0,0,0.4,0.4,0.10,-0.4,-0.4,Matches,86e7deaf
393,Oliver Skipp,eng ENG,MF,Tottenham,22-027,2000,0.2,0,0,0,,0.00,0.00,,,,0,0,0,0.0,0.0,,0.0,0.0,Matches,6250083a
394,Adam Smith,eng ENG,DF,Bournemouth,31-167,1991,8.5,0,2,0,0.0,0.24,0.00,0.00,,16.3,0,0,0,0.1,0.1,0.05,-0.1,-0.1,Matches,20b104bc
395,Emile Smith Rowe,eng ENG,MFFW,Arsenal,22-077,2000,0.6,0,2,1,50.0,3.53,1.76,0.00,0.00,17.6,0,0,0,0.2,0.2,0.08,-0.2,-0.2,Matches,17695062
396,Manor Solomon,il ISR,FW,Fulham,23-081,1999,0.3,0,0,0,,0.00,0.00,,,,0,0,0,0.0,0.0,,0.0,0.0,Matches,886f9aac
397,Boubakary Soumaré,fr FRA,MF,Leicester City,23-228,1999,3.8,0,0,0,,0.00,0.00,,,,0,0,0,0.0,0.0,,0.0,0.0,Matches,ae59b359
398,Djed Spence,eng ENG,MF,Tottenham,22-065,2000,0.0,0,2,0,0.0,180.00,0.00,0.00,,10.1,0,0,0,0.3,0.3,0.16,-0.3,-0.3,Matches,9bc9a519
399,Jack Stacey,eng ENG,DF,Bournemouth,26-190,1996,1.3,0,0,0,,0.00,0.00,,,,0,0,0,0.0,0.0,,0.0,0.0,Matches,558807c0
400,Junior Stanislas,eng ENG,MF,Bournemouth,32-321,1989,0.3,0,1,0,0.0,3.10,0.00,0.00,,22.4,0,0,0,0.0,0.0,0.05,0.0,0.0,Matches,6992791d
401,Jay Stansfield,eng ENG,FW,Fulham,19-323,2002,1.0,0,2,0,0.0,2.07,0.00,0.00,,12.3,0,0,0,0.3,0.3,0.13,-0.3,-0.3,Matches,b2626673
402,Jack Stephens,eng ENG,DF,Southampton,28-259,1994,0.5,0,0,0,,0.00,0.00,,,,0,0,0,0.0,0.0,,0.0,0.0,Matches,6adbc307
403,Jack Stephens,eng ENG,DF,Bournemouth,28-259,1994,0.0,0,0,0,,0.00,0.00,,,,0,0,0,0.0,0.0,,0.0,0.0,Matches,6adbc307
404,John Stones,eng ENG,DF,Manchester City,28-138,1994,5.1,0,2,1,50.0,0.39,0.20,0.00,0.00,10.8,0,0,0,0.2,0.2,0.08,-0.2,-0.2,Matches,5eecec3d
405,Crysencio Summerville,nl NED,FWMF,Leeds United,20-348,2001,0.9,0,1,0,0.0,1.13,0.00,0.00,,9.9,0,0,0,0.0,0.0,0.04,0.0,0.0,Matches,df04eb4b
406,Sam Surridge,eng ENG,FW,Nott'ham Forest,24-077,1998,1.4,0,2,0,0.0,1.46,0.00,0.00,,8.6,0,0,0,0.3,0.3,0.13,-0.3,-0.3,Matches,b017b770
407,Matt Targett,eng ENG,DF,Newcastle Utd,27-025,1995,4.3,0,1,0,0.0,0.23,0.00,0.00,,25.3,0,0,0,0.0,0.0,0.03,0.0,0.0,Matches,e514ab62
408,James Tarkowski,eng ENG,DF,Everton,29-328,1992,9.0,0,6,3,50.0,0.67,0.33,0.00,0.00,9.9,0,0,0,0.6,0.6,0.09,-0.6,-0.6,Matches,15ea812b
409,Marcus Tavernier,eng ENG,MFFW,Bournemouth,23-205,1999,8.7,0,10,0,0.0,1.15,0.00,0.00,,17.7,2,0,0,0.7,0.7,0.07,-0.7,-0.7,Matches,5c0da4a4
410,Kenny Tete,nl NED,DF,Fulham,27-004,1995,6.7,0,2,1,50.0,0.30,0.15,0.00,0.00,16.4,0,0,0,0.0,0.0,0.01,0.0,0.0,Matches,77d7c96f
411,Luke Thomas,eng ENG,DF,Leicester City,21-125,2001,2.0,0,0,0,,0.00,0.00,,,,0,0,0,0.0,0.0,,0.0,0.0,Matches,fc027d02
412,Kieran Tierney,sct SCO,DF,Arsenal,25-130,1997,3.2,0,5,2,40.0,1.54,0.62,0.00,0.00,24.4,0,0,0,0.2,0.2,0.04,-0.2,-0.2,Matches,fce2302c
413,Harry Toffolo,eng ENG,DF,Nott'ham Forest,27-055,1995,5.2,0,2,0,0.0,0.38,0.00,0.00,,13.5,0,0,0,0.1,0.1,0.07,-0.1,-0.1,Matches,a105d46a
414,Takehiro Tomiyasu,jp JPN,DF,Arsenal,23-342,1998,1.9,0,0,0,,0.00,0.00,,,,0,0,0,0.0,0.0,,0.0,0.0,Matches,b3af9be1
415,James Tomkins,eng ENG,DF,Crystal Palace,33-198,1989,0.5,0,0,0,,0.00,0.00,,,,0,0,0,0.0,0.0,,0.0,0.0,Matches,e7ca0439
416,Adama Traoré,es ESP,FWMF,Wolves,26-261,1996,2.2,0,2,0,0.0,0.92,0.00,0.00,,18.5,0,0,0,0.2,0.2,0.08,-0.2,-0.2,Matches,9a28eba4
417,Boubacar Traoré,ml MLI,MF,Wolves,21-054,2001,0.4,0,0,0,,0.00,0.00,,,,0,0,0,0.0,0.0,,0.0,0.0,Matches,999ceb5f
418,Mark Travers,ie IRL,GK,Bournemouth,23-148,1999,4.0,0,0,0,,0.00,0.00,,,,0,0,0,0.0,0.0,,0.0,0.0,Matches,fe558029
419,Kostas Tsimikas,gr GRE,DF,Liverpool,26-154,1996,3.1,0,3,0,0.0,0.96,0.00,0.00,,16.4,0,0,0,0.1,0.1,0.03,-0.1,-0.1,Matches,f315ca93
420,Deniz Undav,de GER,MFFW,Brighton,26-086,1996,0.2,0,1,0,0.0,4.50,0.00,0.00,,10.0,0,0,0,0.4,0.4,0.37,-0.4,-0.4,Matches,dd549382
421,Yan Valery,tn TUN,DF,Southampton,23-233,1999,0.5,0,0,0,,0.00,0.00,,,,0,0,0,0.0,0.0,,0.0,0.0,Matches,531a4aa8
422,Raphaël Varane,fr FRA,DF,Manchester Utd,29-171,1993,4.9,0,1,0,0.0,0.20,0.00,0.00,,11.0,0,0,0,0.0,0.0,0.04,0.0,0.0,Matches,9f8e9423
423,Jamie Vardy,eng ENG,FW,Leicester City,35-275,1987,5.8,0,9,2,22.2,1.56,0.35,0.00,0.00,14.3,0,0,0,1.2,1.2,0.14,-1.2,-1.2,Matches,45963054
424,Joël Veltman,nl NED,DF,Brighton,30-271,1992,7.4,0,1,0,0.0,0.13,0.00,0.00,,16.0,0,0,0,0.1,0.1,0.07,-0.1,-0.1,Matches,dad4b285
425,Rúben Vinagre,pt POR,DF,Everton,23-187,1999,0.3,0,0,0,,0.00,0.00,,,,0,0,0,0.0,0.0,,0.0,0.0,Matches,b937e490
426,Carlos Vinícius,br BRA,FW,Fulham,27-202,1995,1.7,0,2,0,0.0,1.19,0.00,0.00,,12.1,0,0,0,0.1,0.1,0.06,-0.1,-0.1,Matches,8b529245
427,Kyle Walker,eng ENG,DF,Manchester City,32-138,1990,6.2,0,1,0,0.0,0.16,0.00,0.00,,10.0,0,0,0,0.1,0.1,0.15,-0.1,-0.1,Matches,86dd77d1
428,Aaron Wan-Bissaka,eng ENG,DF,Manchester Utd,24-321,1997,0.1,0,0,0,,0.00,0.00,,,,0,0,0,0.0,0.0,,0.0,0.0,Matches,9e525177
429,Danny Ward,wls WAL,GK,Leicester City,29-113,1993,9.0,0,0,0,,0.00,0.00,,,,0,0,0,0.0,0.0,,0.0,0.0,Matches,d3ce0e89
430,Joel Ward,eng ENG,DF,Crystal Palace,32-349,1989,7.0,0,0,0,,0.00,0.00,,,,0,0,0,0.0,0.0,,0.0,0.0,Matches,8a7ff278
431,Adam Webster,eng ENG,DF,Brighton,27-282,1995,8.0,0,7,0,0.0,0.87,0.00,0.00,,11.4,0,0,0,0.6,0.6,0.09,-0.6,-0.6,Matches,c40b6180
432,Danny Welbeck,eng ENG,FW,Brighton,31-321,1990,7.3,0,16,3,18.8,2.20,0.41,0.00,0.00,12.4,0,0,0,1.5,1.5,0.09,-1.5,-1.5,Matches,ce5143da
433,Ben White,eng ENG,DF,Arsenal,25-005,1997,8.2,0,1,0,0.0,0.12,0.00,0.00,,25.1,0,0,0,0.0,0.0,0.03,0.0,0.0,Matches,35e413f1
434,Neco Williams,wls WAL,DF,Nott'ham Forest,21-183,2001,7.8,0,15,3,20.0,1.91,0.38,0.00,0.00,22.0,2,0,0,0.5,0.5,0.03,-0.5,-0.5,Matches,dd323728
435,Willian,br BRA,FWMF,Fulham,34-065,1988,1.1,0,0,0,,0.00,0.00,,,,0,0,0,0.0,0.0,,0.0,0.0,Matches,8b9ebd03
436,Joe Willock,eng ENG,MF,Newcastle Utd,23-054,1999,8.4,0,18,4,22.2,2.14,0.48,0.00,0.00,16.7,0,0,0,2.1,2.1,0.12,-2.1,-2.1,Matches,a3b03921
437,Harry Wilson,wls WAL,FWMF,Fulham,25-205,1997,0.2,0,0,0,,0.00,0.00,,,,0,0,0,0.0,0.0,,0.0,0.0,Matches,c6dc9ecd
438,Chris Wood,nz NZL,FW,Newcastle Utd,30-310,1991,1.4,0,3,1,33.3,2.13,0.71,0.00,0.00,14.6,0,0,0,0.2,0.2,0.06,-0.2,-0.2,Matches,4e9a0555
439,Joe Worrall,eng ENG,DF,Nott'ham Forest,25-276,1997,6.3,0,1,0,0.0,0.16,0.00,0.00,,13.0,0,0,0,0.2,0.2,0.16,-0.2,-0.2,Matches,a5212312
440,Ryan Yates,eng ENG,MF,Nott'ham Forest,24-326,1997,5.5,0,12,2,16.7,2.19,0.37,0.00,0.00,15.1,0,0,0,1.0,1.0,0.08,-1.0,-1.0,Matches,c1fe2a48
441,Jordan Zemura,zw ZIM,DF,Bournemouth,22-333,1999,6.3,0,0,0,,0.00,0.00,,,,0,0,0,0.0,0.0,,0.0,0.0,Matches,e8271ad9
442,Oleksandr Zinchenko,ua UKR,DF,Arsenal,25-302,1996,4.4,0,4,1,25.0,0.92,0.23,0.00,0.00,21.3,0,0,0,0.1,0.1,0.04,-0.1,-0.1,Matches,51cf8561
443,Hakim Ziyech,ma MAR,MF,Chelsea,29-208,1993,1.4,0,3,0,0.0,2.21,0.00,0.00,,22.5,0,0,0,0.1,0.1,0.04,-0.1,-0.1,Matches,6622454d
444,Kurt Zouma,fr FRA,DF,West Ham,27-351,1994,9.0,0,6,1,16.7,0.67,0.11,0.00,0.00,9.2,0,0,0,0.5,0.5,0.08,-0.5,-0.5,Matches,ce4246f5