Rk,Player,Nation,Pos,Squad,Age,Born,90s,Gls,Sh,SoT,SoT%,Sh/90,SoT/90,G/Sh,G/SoT,Dist,FK,PK,PKatt,xG,npxG,npxG/Sh,G-xG,np:G-xG,Matches,-9999
1,Marcos Acuña,ar ARG,DF,Sevilla,30-352,1991,4.5,0,6,0,0.0,1.33,0.00,0.00,,21.8,1,0,0,0.2,0.2,0.04,-0.2,-0.2,Matches,81442ecb
2,Álvaro Aguado,es ESP,MF,Valladolid,26-167,1996,5.0,0,2,0,0.0,0.40,0.00,0.00,,26.8,0,0,0,0.0,0.0,0.02,0.0,0.0,Matches,014aa7bd
3,Joseph Aidoo,gh GHA,DF,Celta Vigo,27-016,1995,8.0,0,2,0,0.0,0.25,0.00,0.00,,24.1,0,0,0,0.1,0.1,0.03,-0.1,-0.1,Matches,18abe173
4,Sergio Akieme,es ESP,DF,Almería,24-303,1997,8.0,0,7,2,28.6,0.87,0.25,0.00,0.00,24.8,0,0,0,0.2,0.2,0.03,-0.2,-0.2,Matches,06efa9dc
5,Paul Akouokou,ci CIV,MF,Betis,24-299,1997,1.3,0,1,1,100.0,0.77,0.77,0.00,0.00,23.0,0,0,0,0.0,0.0,0.03,0.0,0.0,Matches,31f5b89b
6,David Alaba,at AUT,DF,Real Madrid,30-113,1992,7.0,1,9,1,11.1,1.28,0.14,0.11,1.00,20.1,4,0,0,0.7,0.7,0.08,+0.3,+0.3,Matches,05439de2
7,Tomás Alarcón,cl CHI,MF,Cádiz,23-269,1999,2.5,0,2,1,50.0,0.81,0.40,0.00,0.00,36.0,0,0,0,0.0,0.0,0.01,0.0,0.0,Matches,99ea2ddd
8,Jordi Alba,es ESP,DF,Barcelona,33-208,1989,3.2,0,2,0,0.0,0.62,0.00,0.00,,20.6,0,0,0,0.1,0.1,0.06,-0.1,-0.1,Matches,4601e194
9,Raúl Albiol,es ESP,DF,Villarreal,37-041,1985,8.0,0,1,0,0.0,0.12,0.00,0.00,,30.0,0,0,0,0.0,0.0,0.02,0.0,0.0,Matches,4bd414c1
10,Rubén Alcaraz,es ESP,MF,Cádiz,31-167,1991,2.4,0,5,0,0.0,2.11,0.00,0.00,,20.6,1,0,0,0.3,0.3,0.05,-0.3,-0.3,Matches,036bba5f
11,Iván Alejo,es ESP,MFFW,Cádiz,27-247,1995,5.4,0,6,1,16.7,1.11,0.18,0.00,0.00,27.9,0,0,0,0.1,0.1,0.02,-0.1,-0.1,Matches,3d7e48ce
12,Carles Aleñá,es ESP,MF,Getafe,24-283,1998,7.6,1,11,3,27.3,1.45,0.39,0.09,0.33,23.5,0,0,0,0.4,0.4,0.04,+0.6,+0.6,Matches,6c811eb7
13,Alejandro Alfaro,es ESP,MF,Elche,20-122,2002,0.2,0,0,0,,0.00,0.00,,,,0,0,0,0.0,0.0,,0.0,0.0,Matches,b907d169
14,Ángel Algobia,es ESP,MF,Getafe,23-114,1999,2.4,0,1,0,0.0,0.41,0.00,0.00,,35.5,0,0,0,0.0,0.0,0.01,0.0,0.0,Matches,acc1aefa
15,Mohamed Ali Cho,fr FRA,FW,Real Sociedad,18-269,2004,2.7,0,9,5,55.6,3.33,1.85,0.00,0.00,19.3,0,0,0,0.7,0.7,0.07,-0.7,-0.7,Matches,f8405304
16,Domingos André Ribeiro Almeida,pt POR,MFFW,Valencia,22-138,2000,3.2,1,1,1,100.0,0.31,0.31,1.00,1.00,14.3,0,0,0,0.2,0.2,0.17,+0.8,+0.8,Matches,e6697917
17,Marcos Alonso,es ESP,DF,Barcelona,31-291,1990,1.1,0,0,0,,0.00,0.00,,,,0,0,0,0.0,0.0,,0.0,0.0,Matches,f4290206
18,Gastón Álvarez,uy URU,DF,Getafe,22-205,2000,4.5,2,2,2,100.0,0.45,0.45,1.00,1.00,8.1,0,0,0,0.8,0.8,0.42,+1.2,+1.2,Matches,852ddfb8
19,Yeray Álvarez,es ESP,DF,Athletic Club,27-264,1995,6.8,0,5,0,0.0,0.74,0.00,0.00,,17.6,0,0,0,0.2,0.2,0.03,-0.2,-0.2,Matches,3ecc11d8
20,Amath,sn SEN,FWMF,Mallorca,26-091,1996,0.3,0,0,0,,0.00,0.00,,,,0,0,0,0.0,0.0,,0.0,0.0,Matches,f3b1d9a2
21,Jordan Amavi,fr FRA,DF,Getafe,28-220,1994,0.1,0,0,0,,0.00,0.00,,,,0,0,0,0.0,0.0,,0.0,0.0,Matches,22721b88
22,Fabrizio Angileri,ar ARG,DF,Getafe,28-214,1994,5.1,0,3,0,0.0,0.59,0.00,0.00,,24.3,0,0,0,0.0,0.0,0.02,0.0,0.0,Matches,fdd26d71
23,Anuar,ma MAR,MFFW,Valladolid,27-273,1995,2.3,1,3,1,33.3,1.29,0.43,0.33,1.00,11.2,0,0,0,0.8,0.8,0.26,+0.2,+0.2,Matches,c93231dc
24,Mauro Arambarri,uy URU,MF,Getafe,27-015,1995,5.7,0,5,0,0.0,0.88,0.00,0.00,,27.1,1,0,0,0.1,0.1,0.03,-0.1,-0.1,Matches,58afe001
25,Ronald Araújo,uy URU,DF,Barcelona,23-222,1999,5.7,0,3,0,0.0,0.53,0.00,0.00,,14.3,0,0,0,0.6,0.6,0.20,-0.6,-0.6,Matches,2bef2bca
26,Roberto Arroyo,es ESP,MF,Valladolid,19-051,2003,0.2,0,0,0,,0.00,0.00,,,,0,0,0,0.0,0.0,,0.0,0.0,Matches,6091cf45
27,Santiago Arzamendia,py PAR,MFDF,Cádiz,24-163,1998,2.0,0,2,1,50.0,0.98,0.49,0.00,0.00,20.3,0,0,0,0.1,0.1,0.03,-0.1,-0.1,Matches,759d8dd7
28,Sergio Asenjo,es ESP,GK,Valladolid,33-109,1989,5.0,0,0,0,,0.00,0.00,,,,0,0,0,0.0,0.0,,0.0,0.0,Matches,9f0ea33f
29,Marco Asensio,es ESP,FWMF,Real Madrid,26-267,1996,0.4,0,2,0,0.0,4.74,0.00,0.00,,24.8,0,0,0,0.1,0.1,0.06,-0.1,-0.1,Matches,45af8a54
30,Iago Aspas,es ESP,FW,Celta Vigo,35-075,1987,7.2,5,14,7,50.0,1.95,0.98,0.29,0.57,18.0,1,1,1,2.3,1.5,0.11,+2.7,+2.5,Matches,7dcf86f6
31,Pierre-Emerick Aubameyang,ga GAB,DF,Barcelona,33-119,1989,0.1,0,1,0,0.0,10.00,0.00,0.00,,12.0,0,0,0,0.1,0.1,0.09,-0.1,-0.1,Matches,d5dd5f1f
32,Ezequiel Ávila,ar ARG,FWMF,Osasuna,28-251,1994,4.8,3,16,5,31.3,3.35,1.05,0.13,0.40,20.0,0,1,2,3.0,1.5,0.09,0.0,+0.5,Matches,253a06b9
33,Iddrisu Baba,gh GHA,MF,Mallorca,26-266,1996,2.6,0,1,0,0.0,0.39,0.00,0.00,,29.6,0,0,0,0.0,0.0,0.02,0.0,0.0,Matches,bfd381b3
34,Srđan Babić,rs SRB,DF,Almería,26-176,1996,8.0,1,2,2,100.0,0.25,0.25,0.50,0.50,6.5,0,0,0,0.3,0.3,0.15,+0.7,+0.7,Matches,075fe5a3
35,Édgar Badía,es ESP,GK,Elche,30-245,1992,8.0,0,0,0,,0.00,0.00,,,,0,0,0,0.0,0.0,,0.0,0.0,Matches,e4346678
36,Alex Baena,es ESP,MFFW,Villarreal,21-087,2001,3.5,3,10,6,60.0,2.89,1.74,0.30,0.50,17.4,0,0,0,1.2,1.2,0.14,+1.8,+1.8,Matches,518f2234
37,Alejandro Balde,es ESP,DFFW,Barcelona,18-362,2003,6.1,0,2,0,0.0,0.33,0.00,0.00,,27.4,0,0,0,0.1,0.1,0.03,-0.1,-0.1,Matches,5ccc9672
38,Iván Balliu,al ALB,DF,Rayo Vallecano,30-287,1992,9.0,0,2,0,0.0,0.22,0.00,0.00,,14.3,0,0,0,0.2,0.2,0.09,-0.2,-0.2,Matches,cee88597
39,Léo Baptistão,br BRA,FW,Almería,30-050,1992,2.2,0,6,1,16.7,2.69,0.45,0.00,0.00,16.2,0,0,0,0.3,0.3,0.05,-0.3,-0.3,Matches,35f6db55
40,Keidi Bare,al ALB,MF,Espanyol,25-048,1997,1.1,0,1,0,0.0,0.94,0.00,0.00,,13.0,0,0,0,0.1,0.1,0.07,-0.1,-0.1,Matches,03049c8c
41,Kike Barja,es ESP,MFFW,Osasuna,25-197,1997,0.8,0,0,0,,0.00,0.00,,,,0,0,0,0.0,0.0,,0.0,0.0,Matches,aad53e64
42,Ander Barrenetxea,es ESP,FWMF,Real Sociedad,20-292,2001,0.5,0,0,0,,0.00,0.00,,,,0,0,0,0.0,0.0,,0.0,0.0,Matches,200e89e1
43,Rodrigo Battaglia,ar ARG,MF,Mallorca,31-095,1991,4.5,0,1,0,0.0,0.22,0.00,0.00,,9.0,0,0,0,0.1,0.1,0.10,-0.1,-0.1,Matches,d637fc22
44,Bebé,cv CPV,FWMF,Rayo Vallecano,32-095,1990,0.7,0,4,0,0.0,6.00,0.00,0.00,,32.3,0,0,0,0.1,0.1,0.02,-0.1,-0.1,Matches,d8712bf9
45,Héctor Bellerín,es ESP,DF,Barcelona,27-210,1995,1.4,0,0,0,,0.00,0.00,,,,0,0,0,0.0,0.0,,0.0,0.0,Matches,f874dd44
46,Fran Beltrán,es ESP,MF,Celta Vigo,23-254,1999,7.5,0,5,0,0.0,0.66,0.00,0.00,,27.2,0,0,0,0.1,0.1,0.03,-0.1,-0.1,Matches,ed5c5fa3
47,Karim Benzema,fr FRA,FW,Real Madrid,34-300,1987,5.0,3,26,9,34.6,5.20,1.80,0.08,0.22,15.1,2,1,2,5.3,3.6,0.14,-2.3,-1.6,Matches,70d74ece
48,Yuri Berchiche,es ESP,DF,Athletic Club,32-247,1990,2.0,0,4,1,25.0,2.00,0.50,0.00,0.00,20.4,0,0,0,0.2,0.2,0.04,-0.2,-0.2,Matches,b6e50615
49,Álex Berenguer,es ESP,FW,Athletic Club,27-103,1995,7.1,3,22,7,31.8,3.10,0.99,0.14,0.43,14.4,0,0,0,2.1,2.1,0.10,+0.9,+0.9,Matches,dc1c2fce
50,Pedro Bigas,es ESP,DF,Elche,32-030,1990,6.8,0,2,1,50.0,0.29,0.15,0.00,0.00,22.1,0,0,0,0.0,0.0,0.02,0.0,0.0,Matches,697295b1
51,El Bilal Touré,ml MLI,FW,Almería,21-012,2001,2.0,1,4,3,75.0,2.00,1.50,0.25,0.33,8.8,0,0,0,0.5,0.5,0.13,+0.5,+0.5,Matches,47c609d5
52,Blanco,es ESP,MF,Cádiz,22-084,2000,1.5,0,0,0,,0.00,0.00,,,,0,0,0,0.0,0.0,,0.0,0.0,Matches,506daeac
53,Theo Bongonda,cd COD,MF,Cádiz,26-329,1995,2.3,0,0,0,,0.00,0.00,,,,0,0,0,0.0,0.0,,0.0,0.0,Matches,0da6a13e
54,Wassim Boullif,es ESP,DF,Espanyol,17-254,2005,0.4,0,0,0,,0.00,0.00,,,,0,0,0,0.0,0.0,,0.0,0.0,Matches,7f271d74
55,Yassine Bounou,ma MAR,GK,Sevilla,31-193,1991,6.5,0,0,0,,0.00,0.00,,,,0,0,0,0.0,0.0,,0.0,0.0,Matches,f6798fc3
56,Lucas Boyé,ar ARG,FW,Elche,26-229,1996,3.9,1,5,2,40.0,1.27,0.51,0.20,0.50,20.5,0,0,0,0.4,0.4,0.08,+0.6,+0.6,Matches,d49f3e6b
57,Martin Braithwaite,dk DEN,FW,Espanyol,31-132,1991,3.9,2,12,6,50.0,3.05,1.53,0.17,0.33,17.4,0,0,0,1.3,1.3,0.12,+0.7,+0.7,Matches,fd771f95
58,Juan Brandáriz,es ESP,DF,Almería,23-227,1999,2.2,0,1,0,0.0,0.45,0.00,0.00,,9.0,0,0,0,0.1,0.1,0.09,-0.1,-0.1,Matches,2475cf9b
59,Darko Brašanac,rs SRB,MF,Osasuna,30-245,1992,3.6,1,3,2,66.7,0.84,0.56,0.33,0.50,8.5,0,0,0,0.3,0.3,0.08,+0.7,+0.7,Matches,4accb7e0
60,Ante Budimir,hr CRO,FW,Osasuna,31-085,1991,3.7,0,12,2,16.7,3.27,0.55,0.00,0.00,10.3,0,0,0,1.5,1.5,0.12,-1.5,-1.5,Matches,8f3565b3
61,Santiago Bueno,uy URU,DF,Girona,23-340,1998,8.0,0,4,1,25.0,0.50,0.12,0.00,0.00,13.7,0,0,0,0.3,0.3,0.08,-0.3,-0.3,Matches,edc98fac
62,Sergio Busquets,es ESP,MF,Barcelona,34-091,1988,5.8,0,2,1,50.0,0.34,0.17,0.00,0.00,24.0,0,0,0,0.1,0.1,0.04,-0.1,-0.1,Matches,5ab0ea87
63,Leandro Cabrera,uy URU,DF,Espanyol,31-120,1991,8.0,0,10,1,10.0,1.25,0.12,0.00,0.00,9.0,0,0,0,0.9,0.9,0.09,-0.9,-0.9,Matches,69cbc8b6
64,Fernando Calero,es ESP,DFMF,Espanyol,27-031,1995,5.6,0,2,0,0.0,0.35,0.00,0.00,,8.0,0,0,0,0.1,0.1,0.07,-0.1,-0.1,Matches,41b3069f
65,Eduardo Camavinga,fr FRA,MF,Real Madrid,19-339,2002,4.1,0,5,0,0.0,1.21,0.00,0.00,,24.5,0,0,0,0.2,0.2,0.04,-0.2,-0.2,Matches,7b9c2d84
66,Sergio Camello,es ESP,FW,Rayo Vallecano,21-247,2001,6.9,1,17,4,23.5,2.46,0.58,0.06,0.25,15.0,0,0,0,1.7,1.7,0.10,-0.7,-0.7,Matches,873619c6
67,Sergio Canales,es ESP,MFFW,Betis,31-241,1991,5.4,1,4,2,50.0,0.74,0.37,0.25,0.50,16.3,0,0,0,0.5,0.5,0.12,+0.5,+0.5,Matches,a6de370d
68,Ander Capa,es ESP,FW,Athletic Club,30-249,1992,0.0,0,0,0,,0.00,0.00,,,,0,0,0,0.0,0.0,,0.0,0.0,Matches,37f1cf47
69,Étienne Capoue,fr FRA,MF,Villarreal,34-096,1988,7.5,0,8,2,25.0,1.06,0.27,0.00,0.00,15.0,0,0,0,1.2,1.2,0.15,-1.2,-1.2,Matches,5acc4a10
70,Isaac Carcelen,es ESP,DF,Cádiz,29-175,1993,1.8,0,1,0,0.0,0.57,0.00,0.00,,23.8,0,0,0,0.0,0.0,0.02,0.0,0.0,Matches,c4b888df
71,Juan Carlos,es ESP,GK,Girona,34-268,1988,8.0,0,0,0,,0.00,0.00,,,,0,0,0,0.0,0.0,,0.0,0.0,Matches,688b96e3
72,José Carlos Lazo,es ESP,MFFW,Almería,26-241,1996,0.2,0,2,1,50.0,9.00,4.50,0.00,0.00,24.5,0,0,0,0.1,0.1,0.03,-0.1,-0.1,Matches,5b93209a
73,José Carlos Lazo,es ESP,FW,Espanyol,26-241,1996,0.4,0,0,0,,0.00,0.00,,,,0,0,0,0.0,0.0,,0.0,0.0,Matches,5b93209a
74,Carmona,es ESP,DF,Sevilla,20-259,2002,3.8,2,5,2,40.0,1.31,0.52,0.40,1.00,14.1,0,0,0,1.1,1.1,0.22,+0.9,+0.9,Matches,2dce876a
75,Yannick Carrasco,be BEL,DF,Atlético Madrid,29-041,1993,5.5,1,16,6,37.5,2.93,1.10,0.06,0.17,16.8,0,0,0,1.0,1.0,0.06,0.0,0.0,Matches,de39485a
76,Dani Carvajal,es ESP,DF,Real Madrid,30-277,1992,5.0,0,4,0,0.0,0.80,0.00,0.00,,24.5,0,0,0,0.1,0.1,0.03,-0.1,-0.1,Matches,4958bfb2
77,William Carvalho,pt POR,MF,Betis,30-191,1992,6.2,0,4,2,50.0,0.65,0.32,0.00,0.00,11.8,0,0,0,0.5,0.5,0.13,-0.5,-0.5,Matches,dee86451
78,Casals,es ESP,FWMF,Girona,17-130,2005,0.1,0,0,0,,0.00,0.00,,,,0,0,0,0.0,0.0,,0.0,0.0,Matches,ebeb2c4a
79,Casemiro,br BRA,MF,Real Madrid,30-234,1992,0.1,0,0,0,,0.00,0.00,,,,0,0,0,0.0,0.0,,0.0,0.0,Matches,4d224fe8
80,Valentín Castellanos,ar ARG,FW,Girona,24-012,1998,7.4,2,16,4,25.0,2.15,0.54,0.13,0.50,16.4,0,0,0,1.1,1.1,0.07,+0.9,+0.9,Matches,da76bab4
81,Samu Castillejo,es ESP,FWMF,Valencia,27-270,1995,5.7,2,15,3,20.0,2.65,0.53,0.13,0.67,18.9,1,0,0,1.0,1.0,0.06,+1.0,+1.0,Matches,130a7a3f
82,Catena,es ESP,DF,Rayo Vallecano,27-352,1994,9.0,1,3,2,66.7,0.33,0.22,0.33,0.50,8.0,0,0,0,0.4,0.4,0.12,+0.6,+0.6,Matches,274ab13c
83,Edinson Cavani,uy URU,FW,Valencia,35-243,1987,2.4,0,6,0,0.0,2.50,0.00,0.00,,19.3,1,0,1,1.3,0.5,0.08,-1.3,-0.5,Matches,527f063d
84,Dani Ceballos,es ESP,MF,Real Madrid,26-069,1996,1.9,0,2,1,50.0,1.07,0.53,0.00,0.00,23.0,0,0,0,0.1,0.1,0.05,-0.1,-0.1,Matches,c0617e2b
85,Franco Cervi,ar ARG,MF,Celta Vigo,28-142,1994,6.5,0,7,2,28.6,1.07,0.31,0.00,0.00,20.2,0,0,0,0.4,0.4,0.06,-0.4,-0.4,Matches,5e1028e5
86,Pep Chavarría,es ESP,FWDF,Rayo Vallecano,24-188,1998,0.3,0,0,0,,0.00,0.00,,,,0,0,0,0.0,0.0,,0.0,0.0,Matches,63c5e56b
87,Andreas Christensen,dk DEN,DF,Barcelona,26-188,1996,2.7,0,1,0,0.0,0.38,0.00,0.00,,5.7,0,0,0,0.1,0.1,0.07,-0.1,-0.1,Matches,1cb49278
88,Samuel Chukwueze,ng NGA,MF,Villarreal,23-146,1999,2.4,0,7,1,14.3,2.93,0.42,0.00,0.00,17.8,0,0,0,0.3,0.3,0.05,-0.3,-0.3,Matches,b8a642fc
89,Víctor Chust,es ESP,DF,Cádiz,22-224,2000,6.5,1,1,1,100.0,0.15,0.15,1.00,1.00,3.0,0,0,0,0.7,0.7,0.68,+0.3,+0.3,Matches,ec1a731e
90,Pathé Ciss,sn SEN,MFDF,Rayo Vallecano,28-213,1994,5.4,1,6,3,50.0,1.10,0.55,0.17,0.33,21.2,0,0,0,1.1,1.1,0.18,-0.1,-0.1,Matches,9a0408b6
91,Carlos Clerc,es ESP,DF,Elche,30-236,1992,3.7,0,3,1,33.3,0.81,0.27,0.00,0.00,16.6,0,0,0,0.1,0.1,0.04,-0.1,-0.1,Matches,33a61a52
92,Álex Collado,es ESP,MFFW,Elche,23-176,1999,3.2,1,9,4,44.4,2.80,1.25,0.11,0.25,20.7,0,0,0,0.4,0.4,0.05,+0.6,+0.6,Matches,85dace26
93,Eray Cömert,ch SUI,DF,Valencia,24-253,1998,4.7,1,4,3,75.0,0.86,0.64,0.25,0.33,14.1,0,0,0,0.3,0.3,0.07,+0.7,+0.7,Matches,15937e17
94,Santi Comesaña,es ESP,MF,Rayo Vallecano,26-010,1996,4.1,0,7,0,0.0,1.72,0.00,0.00,,16.2,0,0,0,0.4,0.4,0.06,-0.4,-0.4,Matches,5ae499d0
95,Copete,es ESP,DF,Mallorca,23-005,1999,6.7,0,3,0,0.0,0.45,0.00,0.00,,6.7,0,0,0,0.6,0.6,0.20,-0.6,-0.6,Matches,0f26ffd7
96,Francis Coquelin,fr FRA,MF,Villarreal,31-155,1991,3.6,1,4,1,25.0,1.10,0.28,0.25,1.00,17.0,0,0,0,0.4,0.4,0.09,+0.6,+0.6,Matches,a6951bf8
97,Jesús Corona,mx MEX,FW,Sevilla,29-282,1993,0.7,0,0,0,,0.00,0.00,,,,0,0,0,0.0,0.0,,0.0,0.0,Matches,fb938d24
98,Ángel Correa,ar ARG,FW,Atlético Madrid,27-220,1995,2.5,3,11,5,45.5,4.48,2.04,0.27,0.60,14.4,0,0,0,1.7,1.7,0.16,+1.3,+1.3,Matches,01eb744d
99,Thierry Correia,pt POR,DF,Valencia,23-220,1999,7.6,0,4,0,0.0,0.53,0.00,0.00,,22.9,0,0,0,0.1,0.1,0.03,-0.1,-0.1,Matches,c78b352d
100,Jaume Costa,es ESP,DF,Mallorca,34-211,1988,6.8,0,5,4,80.0,0.73,0.58,0.00,0.00,13.4,0,0,0,0.8,0.8,0.15,-0.8,-0.8,Matches,808d48f3
101,Samu Costa,pt POR,MF,Almería,21-322,2000,7.1,0,5,2,40.0,0.70,0.28,0.00,0.00,27.0,1,0,0,0.2,0.2,0.04,-0.2,-0.2,Matches,76c2a023
102,Thibaut Courtois,be BEL,GK,Real Madrid,30-157,1992,6.0,0,0,0,,0.00,0.00,,,,0,0,0,0.0,0.0,,0.0,0.0,Matches,1840e36d
103,Yan Couto,br BRA,DF,Girona,20-134,2002,3.7,0,1,0,0.0,0.27,0.00,0.00,,32.2,0,0,0,0.0,0.0,0.02,0.0,0.0,Matches,1944818c
104,Juan Cruz Armada,es ESP,DF,Osasuna,30-079,1992,8.0,0,1,0,0.0,0.12,0.00,0.00,,9.0,0,0,0,0.1,0.1,0.11,-0.1,-0.1,Matches,a56da3ba
105,Braian Cufré,ar ARG,DF,Mallorca,25-304,1996,1.2,0,3,0,0.0,2.60,0.00,0.00,,20.5,0,0,0,0.1,0.1,0.02,-0.1,-0.1,Matches,192c89a6
106,Matheus Cunha,br BRA,FWMF,Atlético Madrid,23-141,1999,2.4,0,6,4,66.7,2.50,1.67,0.00,0.00,12.2,0,0,0,1.0,1.0,0.17,-1.0,-1.0,Matches,dc62b55d
107,Curro,es ESP,MFFW,Almería,26-285,1996,0.5,0,1,1,100.0,2.09,2.09,0.00,0.00,14.0,0,0,0,0.1,0.1,0.08,-0.1,-0.1,Matches,f9a225f5
108,Sergi Darder,es ESP,MF,Espanyol,28-297,1993,7.8,1,8,1,12.5,1.03,0.13,0.13,1.00,24.3,0,0,0,0.3,0.3,0.04,+0.7,+0.7,Matches,070a3904
109,Rodrigo De Paul,ar ARG,MF,Atlético Madrid,28-144,1994,3.5,1,3,2,66.7,0.85,0.56,0.33,0.50,26.1,0,0,0,0.1,0.1,0.03,+0.9,+0.9,Matches,162efffd
110,Thomas Delaney,dk DEN,MF,Sevilla,31-042,1991,2.5,0,3,1,33.3,1.22,0.41,0.00,0.00,17.8,0,0,0,0.1,0.1,0.04,-0.1,-0.1,Matches,fe641c1a
111,Fran Delgado,es ESP,DF,Betis,21-096,2001,0.1,0,0,0,,0.00,0.00,,,,0,0,0,0.0,0.0,,0.0,0.0,Matches,e7d2a50b
112,Ousmane Dembélé,fr FRA,FW,Barcelona,25-153,1997,5.6,2,22,7,31.8,3.94,1.25,0.09,0.29,18.3,0,0,0,1.6,1.6,0.07,+0.4,+0.4,Matches,b19db005
113,Memphis Depay,nl NED,FW,Barcelona,28-244,1994,1.3,1,6,3,50.0,4.74,2.37,0.17,0.33,11.1,0,0,0,0.9,0.9,0.15,+0.1,+0.1,Matches,8f696594
114,Mouctar Diakhaby,gn GUI,DF,Valencia,25-300,1996,7.8,2,3,2,66.7,0.39,0.26,0.67,1.00,4.1,0,0,0,1.0,1.0,0.35,+1.0,+1.0,Matches,d2110326
115,Mamady Diarra,ml MLI,MF,Cádiz,22-111,2000,0.7,0,3,0,0.0,4.09,0.00,0.00,,14.6,0,0,0,0.3,0.3,0.10,-0.3,-0.3,Matches,80211dc5
116,Stole Dimitrievski,mk MKD,GK,Rayo Vallecano,28-294,1993,8.0,0,0,0,,0.00,0.00,,,,0,0,0,0.0,0.0,,0.0,0.0,Matches,fc70e345
117,Malcom Abdulai Ares Djalo,es ESP,FW,Athletic Club,21-003,2001,0.1,0,1,0,0.0,18.00,0.00,0.00,,27.7,0,0,0,0.0,0.0,0.02,0.0,0.0,Matches,a461f098
118,Djené,tg TOG,DF,Getafe,30-288,1991,6.3,0,2,0,0.0,0.32,0.00,0.00,,17.5,0,0,0,0.1,0.1,0.04,-0.1,-0.1,Matches,a4971d84
119,Marko Dmitrović,rs SRB,GK,Sevilla,30-264,1992,1.5,0,0,0,,0.00,0.00,,,,0,0,0,0.0,0.0,,0.0,0.0,Matches,ac295d9e
120,Kasper Dolberg,dk DEN,FW,Sevilla,25-009,1997,2.0,0,2,1,50.0,0.98,0.49,0.00,0.00,17.7,0,0,0,0.1,0.1,0.03,-0.1,-0.1,Matches,cc83b74d
121,Carlos Dominguez,es ESP,MF,Celta Vigo,21-246,2001,0.0,0,0,0,,0.00,0.00,,,,0,0,0,0.0,0.0,,0.0,0.0,Matches,3521abfe
122,John Donald,es ESP,DF,Elche,22-046,2000,1.7,0,0,0,,0.00,0.00,,,,0,0,0,0.0,0.0,,0.0,0.0,Matches,5e95c000
123,Domingos Duarte,pt POR,DF,Getafe,27-219,1995,9.0,0,5,2,40.0,0.56,0.22,0.00,0.00,11.5,0,0,0,0.4,0.4,0.08,-0.4,-0.4,Matches,93090f69
124,Hugo Duro,es ESP,FW,Valencia,22-339,1999,2.5,1,9,2,22.2,3.65,0.81,0.11,0.50,12.2,0,0,0,1.1,1.1,0.12,-0.1,-0.1,Matches,37e103f8
125,Íñigo Eguaras,es ESP,MF,Almería,30-222,1992,3.2,0,1,0,0.0,0.32,0.00,0.00,,28.0,0,0,0,0.0,0.0,0.02,0.0,0.0,Matches,3e93f8cf
126,Aritz Elustondo,es ESP,DF,Real Sociedad,28-201,1994,5.2,0,3,0,0.0,0.58,0.00,0.00,,14.2,0,0,0,0.2,0.2,0.07,-0.2,-0.2,Matches,f7dc2ae5
127,Rodrigo Ely,br BRA,DF,Almería,28-346,1993,8.0,0,6,1,16.7,0.75,0.12,0.00,0.00,9.4,0,0,0,0.3,0.3,0.05,-0.3,-0.3,Matches,fd47b4f2
128,Adri Embarba,es ESP,FWMF,Espanyol,30-161,1992,0.4,0,2,0,0.0,5.14,0.00,0.00,,29.2,0,0,0,0.0,0.0,0.02,0.0,0.0,Matches,db8f0eba
129,Adri Embarba,es ESP,FW,Almería,30-161,1992,2.2,0,5,1,20.0,2.23,0.45,0.00,0.00,20.6,1,0,0,0.4,0.4,0.09,-0.4,-0.4,Matches,db8f0eba
130,Youssef En-Nesyri,ma MAR,FW,Sevilla,25-136,1997,3.1,0,9,5,55.6,2.87,1.60,0.00,0.00,10.2,0,0,0,0.8,0.8,0.09,-0.8,-0.8,Matches,04e17fd5
131,Sergio Escudero,es ESP,DF,Valladolid,33-043,1989,5.4,0,7,2,28.6,1.30,0.37,0.00,0.00,23.5,1,0,0,0.4,0.4,0.05,-0.4,-0.4,Matches,b0616e3d
132,Alfonso Espino,uy URU,DF,Cádiz,30-283,1992,7.5,0,4,0,0.0,0.53,0.00,0.00,,32.2,0,0,0,0.1,0.1,0.02,-0.1,-0.1,Matches,db001fa9
133,Bernardo Espinosa,co COL,DF,Girona,33-096,1989,3.5,0,0,0,,0.00,0.00,,,,0,0,0,0.0,0.0,,0.0,0.0,Matches,4242011c
134,Edu Expósito,es ESP,MF,Espanyol,26-075,1996,5.8,2,8,4,50.0,1.38,0.69,0.25,0.50,29.1,2,0,0,0.3,0.3,0.04,+1.7,+1.7,Matches,283c7121
135,Nicolás Ezequiel Fernández,ar ARG,DFMF,Elche,22-277,2000,1.7,0,0,0,,0.00,0.00,,,,0,0,0,0.0,0.0,,0.0,0.0,Matches,3409de86
136,Abdessamad Ezzalzouli,ma MAR,FWMF,Osasuna,20-302,2001,2.2,0,6,1,16.7,2.69,0.45,0.00,0.00,16.5,1,0,0,0.4,0.4,0.07,-0.4,-0.4,Matches,bed68338
137,Radamel Falcao,co COL,FW,Rayo Vallecano,36-247,1986,2.8,1,9,3,33.3,3.20,1.07,0.11,0.33,14.2,0,0,0,1.1,1.1,0.12,-0.1,-0.1,Matches,66116290
138,Fali,es ESP,MFDF,Cádiz,29-064,1993,2.2,0,1,0,0.0,0.46,0.00,0.00,,17.1,0,0,0,0.1,0.1,0.07,-0.1,-0.1,Matches,72a84002
139,Ansu Fati,es ESP,FW,Barcelona,19-349,2002,2.8,2,13,5,38.5,4.68,1.80,0.15,0.40,13.3,1,0,0,2.5,2.5,0.19,-0.5,-0.5,Matches,0ba976e4
140,Zouhair Feddal,ma MAR,DF,Valladolid,33-287,1989,0.6,0,0,0,,0.00,0.00,,,,0,0,0,0.0,0.0,,0.0,0.0,Matches,89151b16
141,Nabil Fekir,fr FRA,MFFW,Betis,29-089,1993,3.3,0,7,1,14.3,2.12,0.30,0.00,0.00,20.9,3,0,0,0.3,0.3,0.05,-0.3,-0.3,Matches,bece776f
142,Felipe,br BRA,DF,Atlético Madrid,33-152,1989,1.0,0,1,0,0.0,1.00,0.00,0.00,,10.6,0,0,0,0.0,0.0,0.05,0.0,0.0,Matches,51a3c4c8
143,Luiz Felipe,it ITA,DF,Betis,25-207,1997,3.4,0,1,0,0.0,0.30,0.00,0.00,,10.0,0,0,0,0.1,0.1,0.06,-0.1,-0.1,Matches,15d0c248
144,João Félix,pt POR,FW,Atlético Madrid,22-339,1999,4.8,0,12,3,25.0,2.49,0.62,0.00,0.00,20.2,0,0,0,1.1,1.1,0.09,-1.1,-1.1,Matches,8aafd64f
145,Kiko Femenía,es ESP,DF,Villarreal,31-255,1991,5.1,0,0,0,,0.00,0.00,,,,0,0,0,0.0,0.0,,0.0,0.0,Matches,e5d01ecf
146,Álex Fernández,es ESP,MF,Cádiz,30-000,1992,2.6,0,3,1,33.3,1.17,0.39,0.00,0.00,9.4,0,0,0,0.2,0.2,0.07,-0.2,-0.2,Matches,aa677a35
147,Álvaro Fernández,es ESP,GK,Espanyol,24-185,1998,4.0,0,0,0,,0.00,0.00,,,,0,0,0,0.0,0.0,,0.0,0.0,Matches,f127d782
148,Carlos Fernández,es ESP,FW,Real Sociedad,26-146,1996,0.2,0,1,1,100.0,4.50,4.50,0.00,0.00,17.7,0,0,0,0.1,0.1,0.07,-0.1,-0.1,Matches,e08647d6
149,Federico Fernández,ar ARG,DF,Elche,33-236,1989,1.0,0,0,0,,0.00,0.00,,,,0,0,0,0.0,0.0,,0.0,0.0,Matches,f25b010f
150,Joaquín Fernández,es ESP,DF,Valladolid,26-137,1996,7.1,0,2,0,0.0,0.28,0.00,0.00,,7.0,0,0,0,0.2,0.2,0.10,-0.2,-0.2,Matches,b86a64b2
151,Fernando,br BRA,MFDF,Sevilla,35-082,1987,5.5,0,0,0,,0.00,0.00,,,,0,0,0,0.0,0.0,,0.0,0.0,Matches,41f32541
152,Fernando,es ESP,GK,Almería,32-127,1990,8.0,0,0,0,,0.00,0.00,,,,0,0,0,0.0,0.0,,0.0,0.0,Matches,dabb2827
153,Fidel,es ESP,MFFW,Elche,32-353,1989,1.6,0,1,0,0.0,0.63,0.00,0.00,,18.0,0,0,0,0.1,0.1,0.07,-0.1,-0.1,Matches,eb82b6f1
154,Dimitri Foulquier,fr FRA,DFMF,Valencia,29-206,1993,1.2,0,1,0,0.0,0.87,0.00,0.00,,8.0,0,0,0,0.1,0.1,0.10,-0.1,-0.1,Matches,45e17712
155,Juan Foyth,ar ARG,DF,Villarreal,24-276,1998,2.6,0,1,1,100.0,0.38,0.38,0.00,0.00,7.6,0,0,0,0.1,0.1,0.08,-0.1,-0.1,Matches,6c7762c3
156,Iván Fresneda,es ESP,DF,Valladolid,18-017,2004,3.7,0,0,0,,0.00,0.00,,,,0,0,0,0.0,0.0,,0.0,0.0,Matches,29d0f2ac
157,Javi Galán,es ESP,DF,Celta Vigo,27-330,1994,8.0,0,2,0,0.0,0.25,0.00,0.00,,25.1,0,0,0,0.0,0.0,0.02,0.0,0.0,Matches,a4b00319
158,Iñigo Ruiz de Galarreta,es ESP,MF,Mallorca,29-070,1993,3.5,0,3,0,0.0,0.85,0.00,0.00,,18.9,0,0,0,0.1,0.1,0.05,-0.1,-0.1,Matches,91f7631f
159,Aleix García,es ESP,MF,Girona,25-109,1997,7.8,0,10,5,50.0,1.27,0.64,0.00,0.00,27.3,1,0,0,0.2,0.2,0.02,-0.2,-0.2,Matches,a10361d2
160,Álvaro García,es ESP,FW,Rayo Vallecano,29-353,1992,7.6,0,10,5,50.0,1.32,0.66,0.00,0.00,18.3,0,0,0,0.9,0.9,0.09,-0.9,-0.9,Matches,90bbd822
161,Dani García,es ESP,MF,Athletic Club,32-144,1990,3.4,0,1,0,0.0,0.30,0.00,0.00,,33.2,0,0,0,0.0,0.0,0.01,0.0,0.0,Matches,240d3a0b
162,David García,es ESP,DF,Osasuna,28-243,1994,6.7,0,3,0,0.0,0.45,0.00,0.00,,8.1,0,0,0,0.2,0.2,0.06,-0.2,-0.2,Matches,3e42f707
163,Eric García,es ESP,DF,Barcelona,21-279,2001,4.3,1,3,1,33.3,0.70,0.23,0.33,1.00,6.4,0,0,0,0.9,0.9,0.30,+0.1,+0.1,Matches,2bed3eab
164,Francisco Garcia,es ESP,DF,Rayo Vallecano,23-062,1999,9.0,0,3,1,33.3,0.33,0.11,0.00,0.00,27.3,0,0,0,0.1,0.1,0.03,-0.1,-0.1,Matches,7226539b
165,Raúl García,es ESP,MFFW,Athletic Club,36-096,1986,1.4,0,7,0,0.0,5.00,0.00,0.00,,16.9,0,0,0,0.4,0.4,0.06,-0.4,-0.4,Matches,b418dbd4
166,Rubén García,es ESP,MF,Osasuna,29-093,1993,2.4,1,5,1,20.0,2.11,0.42,0.20,1.00,13.0,0,0,0,1.3,1.3,0.25,-0.3,-0.3,Matches,5c96b017
167,Unai García,es ESP,DF,Osasuna,30-254,1992,7.4,0,2,0,0.0,0.27,0.00,0.00,,6.5,0,0,0,0.2,0.2,0.10,-0.2,-0.2,Matches,4a633cfe
168,Sékou Gassama,sn SEN,FW,Valladolid,27-162,1995,0.4,0,2,0,0.0,5.00,0.00,0.00,,9.5,0,0,0,0.4,0.4,0.19,-0.4,-0.4,Matches,475a738b
169,Óscar Gil,es ESP,DF,Espanyol,24-172,1998,4.9,0,2,1,50.0,0.41,0.21,0.00,0.00,17.2,0,0,0,0.0,0.0,0.01,0.0,0.0,Matches,6652cf96
170,Álvaro Giménez,es ESP,FW,Cádiz,31-149,1991,0.2,0,0,0,,0.00,0.00,,,,0,0,0,0.0,0.0,,0.0,0.0,Matches,18017beb
171,Dani Gómez,es ESP,MFFW,Espanyol,24-077,1998,0.6,0,0,0,,0.00,0.00,,,,0,0,0,0.0,0.0,,0.0,0.0,Matches,0e5ddc7c
172,Maxi Gómez,uy URU,FW,Valencia,26-062,1996,1.2,0,3,0,0.0,2.50,0.00,0.00,,17.4,1,0,0,0.1,0.1,0.05,-0.1,-0.1,Matches,4c2e9442
173,Moi Gómez,es ESP,MFFW,Osasuna,28-114,1994,7.4,0,5,2,40.0,0.67,0.27,0.00,0.00,22.5,0,0,0,0.7,0.7,0.14,-0.7,-0.7,Matches,5a626448
174,Papu Gómez,ar ARG,MFFW,Sevilla,34-242,1988,4.2,0,11,4,36.4,2.61,0.95,0.00,0.00,23.8,0,0,0,0.7,0.7,0.06,-0.7,-0.7,Matches,6e4df551
175,Sergi Gómez,es ESP,DF,Espanyol,30-201,1992,5.3,0,1,0,0.0,0.19,0.00,0.00,,4.1,0,0,0,0.2,0.2,0.22,-0.2,-0.2,Matches,bc6f5f06
176,Diego González,es ESP,DF,Elche,27-260,1995,1.4,0,1,0,0.0,0.69,0.00,0.00,,4.0,0,0,0,0.3,0.3,0.29,-0.3,-0.3,Matches,4ac7608e
177,Édgar González,es ESP,DF,Betis,25-197,1997,5.7,0,1,0,0.0,0.17,0.00,0.00,,4.5,0,0,0,0.1,0.1,0.09,-0.1,-0.1,Matches,49d028db
178,Nicolás González,es ESP,MF,Valencia,20-285,2002,2.6,1,6,2,33.3,2.30,0.77,0.17,0.50,14.2,0,0,0,0.5,0.5,0.09,+0.5,+0.5,Matches,2c56a792
179,Roberto González,es ESP,FWMF,Betis,21-282,2001,0.6,0,0,0,,0.00,0.00,,,,0,0,0,0.0,0.0,,0.0,0.0,Matches,56545648
180,Andoni Gorosabel,es ESP,DF,Real Sociedad,26-072,1996,3.9,0,4,0,0.0,1.04,0.00,0.00,,20.3,0,0,0,0.1,0.1,0.02,-0.1,-0.1,Matches,6f5f82c0
181,Ivo Grbić,hr CRO,GK,Atlético Madrid,26-270,1996,1.1,0,0,0,,0.00,0.00,,,,0,0,0,0.0,0.0,,0.0,0.0,Matches,3f034750
182,Clément Grenier,fr FRA,MF,Mallorca,31-281,1991,4.1,0,2,1,50.0,0.49,0.24,0.00,0.00,16.0,0,0,0,0.4,0.4,0.21,-0.4,-0.4,Matches,8b298f56
183,Antoine Griezmann,fr FRA,MFFW,Atlético Madrid,31-208,1991,3.6,2,14,8,57.1,3.88,2.22,0.14,0.25,17.7,2,0,0,1.5,1.5,0.11,+0.5,+0.5,Matches,df69b544
184,Arnaut Groeneveld,nl NED,FW,Villarreal,25-257,1997,1.1,0,1,0,0.0,0.90,0.00,0.00,,7.0,0,0,0,0.3,0.3,0.27,-0.3,-0.3,Matches,f08490a6
185,Andrés Guardado,mx MEX,MF,Betis,36-017,1986,0.9,0,0,0,,0.00,0.00,,,,0,0,0,0.0,0.0,,0.0,0.0,Matches,ef322658
186,Sergi Guardiola,es ESP,FW,Valladolid,31-139,1991,2.3,0,9,3,33.3,3.91,1.30,0.00,0.00,18.4,0,0,0,0.8,0.8,0.08,-0.8,-0.8,Matches,32974271
187,Nemanja Gudelj,rs SRB,DFMF,Sevilla,30-333,1991,5.5,0,5,0,0.0,0.91,0.00,0.00,,23.5,0,0,0,0.2,0.2,0.04,-0.2,-0.2,Matches,0076ab7f
188,Ander Guevara,es ESP,MF,Real Sociedad,25-100,1997,0.1,0,0,0,,0.00,0.00,,,,0,0,0,0.0,0.0,,0.0,0.0,Matches,8e48dc61
189,Hugo Guillamón,es ESP,MF,Valencia,22-257,2000,7.1,0,2,1,50.0,0.28,0.14,0.00,0.00,20.4,0,0,0,0.1,0.1,0.05,-0.1,-0.1,Matches,f7c12fbf
190,Gerard Gumbau,es ESP,MF,Elche,27-301,1994,6.5,0,5,0,0.0,0.77,0.00,0.00,,26.9,0,0,0,0.1,0.1,0.03,-0.1,-0.1,Matches,ac454a4f
191,Gorka Guruzeta,es ESP,FW,Athletic Club,26-033,1996,1.2,2,6,4,66.7,5.09,3.40,0.33,0.50,15.1,0,0,0,0.5,0.5,0.09,+1.5,+1.5,Matches,6b5ea2f4
192,Raúl Guti,es ESP,MF,Elche,25-289,1996,3.6,0,2,1,50.0,0.55,0.28,0.00,0.00,17.0,0,0,0,0.2,0.2,0.11,-0.2,-0.2,Matches,0b2c8585
193,Miguel Gutiérrez,es ESP,DF,Girona,21-080,2001,6.5,0,6,2,33.3,0.93,0.31,0.00,0.00,29.9,0,0,0,0.3,0.3,0.05,-0.3,-0.3,Matches,7e98cff1
194,Munir El Haddadi,ma MAR,FWMF,Getafe,27-044,1995,1.6,0,2,0,0.0,1.22,0.00,0.00,,17.2,0,0,0,0.2,0.2,0.10,-0.2,-0.2,Matches,8696bc90
195,Eden Hazard,be BEL,FW,Real Madrid,31-281,1991,1.1,0,1,0,0.0,0.91,0.00,0.00,,27.6,0,0,1,0.8,0.0,0.04,-0.8,0.0,Matches,a39bb753
196,Luiz Henrique,br BRA,FWMF,Betis,21-286,2001,4.0,0,8,3,37.5,2.02,0.76,0.00,0.00,16.9,0,0,0,0.5,0.5,0.07,-0.5,-0.5,Matches,8059806f
197,Mario Hermoso,es ESP,DF,Atlético Madrid,27-119,1995,1.3,1,1,1,100.0,0.75,0.75,1.00,1.00,6.0,0,0,0,0.3,0.3,0.29,+0.7,+0.7,Matches,555f3a0b
198,Aridane Hernández,gq EQG,DF,Osasuna,33-206,1989,0.6,0,0,0,,0.00,0.00,,,,0,0,0,0.0,0.0,,0.0,0.0,Matches,132ac341
199,Luis Hernández,es ESP,DF,Cádiz,33-184,1989,8.0,0,2,0,0.0,0.25,0.00,0.00,,9.5,0,0,0,0.1,0.1,0.06,-0.1,-0.1,Matches,02d2c436
200,Ander Herrera,es ESP,MF,Athletic Club,33-062,1989,0.9,0,1,1,100.0,1.14,1.14,0.00,0.00,29.0,0,0,0,0.0,0.0,0.02,0.0,0.0,Matches,436a9dd0
201,Sergio Herrera,es ESP,GK,Osasuna,29-132,1993,8.0,0,0,0,,0.00,0.00,,,,0,0,0,0.0,0.0,,0.0,0.0,Matches,a4995f48
202,Yangel Herrera,ve VEN,MF,Girona,24-281,1998,2.4,0,5,1,20.0,2.08,0.42,0.00,0.00,14.7,0,0,0,0.3,0.3,0.07,-0.3,-0.3,Matches,e778654a
203,Omar El Hilali,ma MAR,DF,Espanyol,19-033,2003,0.8,0,0,0,,0.00,0.00,,,,0,0,0,0.0,0.0,,0.0,0.0,Matches,139560df
204,Pablo Ibáñez,es ESP,MFFW,Osasuna,24-025,1998,0.3,0,1,1,100.0,3.46,3.46,0.00,0.00,9.0,0,0,0,0.2,0.2,0.19,-0.2,-0.2,Matches,3701906c
205,Iglesias,es ESP,DF,Getafe,24-104,1998,6.6,1,5,3,60.0,0.76,0.45,0.20,0.33,27.7,0,0,0,0.2,0.2,0.04,+0.8,+0.8,Matches,974322dc
206,Borja Iglesias,es ESP,FW,Betis,29-271,1993,6.9,6,16,5,31.3,2.32,0.72,0.19,0.60,15.3,0,3,3,4.8,2.5,0.15,+1.2,+0.5,Matches,75645f0e
207,Asier Illarramendi,es ESP,MF,Real Sociedad,32-221,1990,0.3,0,0,0,,0.00,0.00,,,,0,0,0,0.0,0.0,,0.0,0.0,Matches,5ce0b5ba
208,Alexander Isak,se SWE,FW,Real Sociedad,23-024,1999,1.7,1,3,1,33.3,1.78,0.59,0.33,1.00,13.7,0,0,0,0.2,0.2,0.08,+0.8,+0.8,Matches,8e92be30
209,Isco,es ESP,FWMF,Sevilla,30-177,1992,5.1,0,2,0,0.0,0.40,0.00,0.00,,18.1,0,0,0,0.0,0.0,0.02,0.0,0.0,Matches,a0b4bb3e
210,Nicolas Jackson,sn SEN,FW,Villarreal,21-117,2001,6.0,1,13,5,38.5,2.18,0.84,0.08,0.20,12.4,0,0,0,2.0,2.0,0.16,-1.0,-1.0,Matches,9c36ed83
211,Javi,es ESP,DF,Girona,24-166,1998,1.3,0,0,0,,0.00,0.00,,,,0,0,0,0.0,0.0,,0.0,0.0,Matches,9a76c2e9
212,Joaquín,es ESP,FWMF,Betis,41-086,1981,0.4,0,1,0,0.0,2.31,0.00,0.00,,5.8,0,0,0,0.1,0.1,0.06,-0.1,-0.1,Matches,4c5b14d2
213,Frenkie de Jong,nl NED,MF,Barcelona,25-156,1997,4.2,1,7,5,71.4,1.65,1.18,0.14,0.20,16.2,0,0,0,1.1,1.1,0.16,-0.1,-0.1,Matches,1bacc518
214,Joan Jordán,es ESP,MF,Sevilla,28-101,1994,4.2,0,4,1,25.0,0.94,0.24,0.00,0.00,19.5,1,0,0,0.2,0.2,0.05,-0.2,-0.2,Matches,2a0c8ba4
215,Josan,es ESP,DFMF,Elche,32-316,1989,1.7,0,0,0,,0.00,0.00,,,,0,0,0,0.0,0.0,,0.0,0.0,Matches,5b28b2f6
216,Willian José,br BRA,FWMF,Betis,30-326,1991,1.2,0,4,1,25.0,3.43,0.86,0.00,0.00,17.3,0,0,0,0.2,0.2,0.06,-0.2,-0.2,Matches,d87e2cae
217,Joselu,es ESP,FW,Espanyol,32-202,1990,8.0,6,25,10,40.0,3.12,1.25,0.16,0.40,14.4,0,2,2,3.9,2.3,0.09,+2.1,+1.7,Matches,6265208f
218,Juanmi,es ESP,FW,Betis,29-148,1993,3.5,2,7,4,57.1,2.01,1.15,0.29,0.50,12.6,0,0,0,1.6,1.6,0.23,+0.4,+0.4,Matches,84399660
219,Juanpe,es ESP,DF,Girona,31-168,1991,6.8,0,2,0,0.0,0.29,0.00,0.00,,9.1,0,0,0,0.1,0.1,0.05,-0.1,-0.1,Matches,1633fc8a
220,Lago Junior,ci CIV,FWMF,Mallorca,31-288,1990,0.3,0,0,0,,0.00,0.00,,,,0,0,0,0.0,0.0,,0.0,0.0,Matches,360d70f8
221,Vinicius Júnior,br BRA,FW,Real Madrid,22-095,2000,7.8,5,24,12,50.0,3.07,1.53,0.21,0.42,16.1,0,0,0,3.3,3.3,0.14,+1.7,+1.7,Matches,7111d552
222,Kaiky,br BRA,DF,Almería,18-276,2004,3.9,0,1,0,0.0,0.26,0.00,0.00,,7.0,0,0,0,0.1,0.1,0.11,-0.1,-0.1,Matches,55634fb8
223,Lee Kangin,kr KOR,FWMF,Mallorca,21-238,2001,7.6,1,15,4,26.7,1.97,0.53,0.07,0.25,21.1,2,0,0,0.7,0.7,0.05,+0.3,+0.3,Matches,8455ad90
224,Jon Karrikaburu,es ESP,FW,Real Sociedad,20-026,2002,0.7,0,4,1,25.0,6.10,1.53,0.00,0.00,17.0,0,0,0,0.2,0.2,0.06,-0.2,-0.2,Matches,211589b8
225,Kenedy,br BRA,MF,Valladolid,26-249,1996,0.2,0,1,0,0.0,6.00,0.00,0.00,,26.4,0,0,0,0.0,0.0,0.02,0.0,0.0,Matches,5eebbfdf
226,Franck Kessié,ci CIV,MF,Barcelona,25-300,1996,1.7,0,4,0,0.0,2.38,0.00,0.00,,16.9,0,0,0,0.2,0.2,0.06,-0.2,-0.2,Matches,05e19d6a
227,Kike,es ESP,FW,Osasuna,32-324,1989,3.1,2,9,3,33.3,2.92,0.97,0.11,0.33,16.2,0,1,1,1.4,0.6,0.07,+0.6,+0.4,Matches,e897d8ba
228,Justin Kluivert,nl NED,FWMF,Valencia,23-163,1999,1.8,1,5,3,60.0,2.74,1.65,0.20,0.33,14.3,0,0,0,0.9,0.9,0.17,+0.1,+0.1,Matches,4c3a6744
229,Koke,es ESP,MF,Atlético Madrid,30-280,1992,7.1,0,2,0,0.0,0.28,0.00,0.00,,12.2,0,0,0,0.1,0.1,0.06,-0.1,-0.1,Matches,55126f3b
230,Luca Koleosho,ca CAN,DFMF,Espanyol,18-030,2004,0.3,0,0,0,,0.00,0.00,,,,0,0,0,0.0,0.0,,0.0,0.0,Matches,fc076f78
231,Geoffrey Kondogbia,cf CTA,MF,Atlético Madrid,29-242,1993,3.5,0,3,0,0.0,0.86,0.00,0.00,,15.7,0,0,0,0.3,0.3,0.09,-0.3,-0.3,Matches,cce181df
232,Jules Koundé,fr FRA,DF,Barcelona,23-337,1998,3.0,0,3,0,0.0,1.00,0.00,0.00,,12.0,0,0,0,0.2,0.2,0.08,-0.2,-0.2,Matches,4d1666ff
233,Toni Kroos,de GER,MF,Real Madrid,32-284,1990,4.7,0,8,3,37.5,1.71,0.64,0.00,0.00,26.6,1,0,0,0.3,0.3,0.03,-0.3,-0.3,Matches,6ce1f46f
234,Takefusa Kubo,jp JPN,FWMF,Real Sociedad,21-133,2001,6.0,2,11,6,54.5,1.83,1.00,0.18,0.33,17.8,1,0,0,0.8,0.8,0.07,+1.2,+1.2,Matches,16aa3654
235,César de la Hoz,es ESP,MF,Almería,30-199,1992,2.3,0,0,0,,0.00,0.00,,,,0,0,0,0.0,0.0,,0.0,0.0,Matches,60abea75
236,Luca de la Torre,us USA,MF,Celta Vigo,24-145,1998,0.5,0,0,0,,0.00,0.00,,,,0,0,0,0.0,0.0,,0.0,0.0,Matches,e9241b40
237,Érik Lamela,ar ARG,FW,Sevilla,30-225,1992,5.3,1,12,7,58.3,2.27,1.33,0.08,0.14,15.0,1,0,0,1.6,1.6,0.14,-0.6,-0.6,Matches,abe66106
238,Latasa,es ESP,FW,Getafe,21-206,2001,0.2,0,2,1,50.0,8.18,4.09,0.00,0.00,13.0,0,0,0,0.2,0.2,0.09,-0.2,-0.2,Matches,2bea832e
239,Toni Lato,es ESP,DF,Valencia,24-328,1997,2.7,1,3,1,33.3,1.10,0.37,0.33,1.00,22.4,1,0,0,0.1,0.1,0.02,+0.9,+0.9,Matches,8e088e04
240,Lázaro,br BRA,MFFW,Almería,20-217,2002,1.5,0,0,0,,0.00,0.00,,,,0,0,0,0.0,0.0,,0.0,0.0,Matches,86ff856b
241,Robin Le Normand,fr FRA,DF,Real Sociedad,25-338,1996,4.1,0,0,0,,0.00,0.00,,,,0,0,0,0.0,0.0,,0.0,0.0,Matches,9a64e67e
242,Benjamin Lecomte,fr FRA,GK,Espanyol,31-172,1991,4.0,0,0,0,,0.00,0.00,,,,0,0,0,0.0,0.0,,0.0,0.0,Matches,2fa2a875
243,Jeremías Ledesma,ar ARG,GK,Cádiz,29-244,1993,8.0,0,0,0,,0.00,0.00,,,,0,0,0,0.0,0.0,,0.0,0.0,Matches,6c4776b1
244,Florian Lejeune,fr FRA,DF,Rayo Vallecano,31-148,1991,6.5,1,5,1,20.0,0.77,0.15,0.20,1.00,27.0,3,0,0,0.2,0.2,0.04,+0.8,+0.8,Matches,6eaed4eb
245,Iñigo Lekue,es ESP,DF,Athletic Club,29-164,1993,5.9,0,6,1,16.7,1.02,0.17,0.00,0.00,26.0,0,0,0,0.2,0.2,0.03,-0.2,-0.2,Matches,59b7d823
246,Thomas Lemar,fr FRA,MF,Atlético Madrid,26-337,1995,2.4,0,0,0,,0.00,0.00,,,,0,0,0,0.0,0.0,,0.0,0.0,Matches,4dbd0916
247,Sergio León,es ESP,FW,Valladolid,33-282,1989,3.3,2,8,5,62.5,2.42,1.52,0.13,0.20,18.8,0,1,1,1.4,0.6,0.08,+0.6,+0.4,Matches,0a0cc13c
248,Robert Lewandowski,pl POL,FW,Barcelona,34-055,1988,7.0,9,31,19,61.3,4.44,2.72,0.29,0.47,11.0,0,0,0,7.7,7.7,0.25,+1.3,+1.3,Matches,8d78e732
249,Pol Lirola,es ESP,DF,Elche,25-063,1997,3.6,0,0,0,,0.00,0.00,,,,0,0,0,0.0,0.0,,0.0,0.0,Matches,ff800ed8
250,Javier Llabrés,,FW,Mallorca,,,0.2,0,0,0,,0.00,0.00,,,,0,0,0,0.0,0.0,,0.0,0.0,Matches,38b0cf42
251,Marcos Llorente,es ESP,DFMF,Atlético Madrid,27-258,1995,5.4,1,3,1,33.3,0.56,0.19,0.33,1.00,14.2,0,0,0,0.2,0.2,0.07,+0.8,+0.8,Matches,02c15616
252,Giovani Lo Celso,ar ARG,MFFW,Villarreal,26-189,1996,5.5,1,12,3,25.0,2.17,0.54,0.08,0.33,20.1,0,0,0,1.1,1.1,0.09,-0.1,-0.1,Matches,d7553721
253,David López,es ESP,DFMF,Girona,33-006,1989,3.7,0,3,1,33.3,0.82,0.27,0.00,0.00,13.1,0,0,0,0.1,0.1,0.04,-0.1,-0.1,Matches,f03f284b
254,Diego López,es ESP,GK,Rayo Vallecano,40-346,1981,1.0,0,0,0,,0.00,0.00,,,,0,0,0,0.0,0.0,,0.0,0.0,Matches,73683fa9
255,Unai López,es ESP,MF,Rayo Vallecano,26-350,1995,4.2,1,8,3,37.5,1.92,0.72,0.13,0.33,19.9,2,0,0,0.4,0.4,0.05,+0.6,+0.6,Matches,88050721
256,Anthony Lozano,hn HON,FW,Cádiz,29-173,1993,4.2,0,8,2,25.0,1.93,0.48,0.00,0.00,14.4,0,0,0,0.6,0.6,0.07,-0.6,-0.6,Matches,38699c72
257,Pol Lozano,es ESP,MF,Espanyol,23-009,1999,0.2,0,0,0,,0.00,0.00,,,,0,0,0,0.0,0.0,,0.0,0.0,Matches,ea610f00
258,José Luis Gayà,es ESP,DF,Valencia,27-143,1995,3.6,0,5,3,60.0,1.38,0.83,0.00,0.00,27.4,1,0,0,0.1,0.1,0.03,-0.1,-0.1,Matches,b05e2dbd
259,José Luis Morales,es ESP,FW,Villarreal,35-084,1987,2.3,1,8,6,75.0,3.55,2.66,0.13,0.17,14.4,0,0,0,1.5,1.5,0.23,-0.5,-0.5,Matches,4a478107
260,Andriy Lunin,ua UKR,GK,Real Madrid,23-246,1999,2.0,0,0,0,,0.00,0.00,,,,0,0,0,0.0,0.0,,0.0,0.0,Matches,3061e1ec
261,Awer Mabil,au AUS,MF,Cádiz,27-030,1995,1.7,0,2,1,50.0,1.16,0.58,0.00,0.00,20.2,0,0,0,0.1,0.1,0.03,-0.1,-0.1,Matches,922da988
262,Pablo Maffeo,es ESP,DF,Mallorca,25-095,1997,8.0,1,5,1,20.0,0.62,0.12,0.20,1.00,14.3,0,0,0,0.4,0.4,0.07,+0.6,+0.6,Matches,5db04597
263,Nemanja Maksimović,rs SRB,MF,Getafe,27-262,1995,4.2,0,2,1,50.0,0.47,0.24,0.00,0.00,17.9,0,0,0,0.1,0.1,0.03,-0.1,-0.1,Matches,00b28772
264,Hugo Mallo,es ESP,DF,Celta Vigo,31-115,1991,7.7,0,6,2,33.3,0.78,0.26,0.00,0.00,11.0,0,0,0,0.5,0.5,0.09,-0.5,-0.5,Matches,cb574619
265,Mickael Malsa,mq MTQ,MF,Valladolid,27-003,1995,0.2,0,0,0,,0.00,0.00,,,,0,0,0,0.0,0.0,,0.0,0.0,Matches,bbc19252
266,Giorgi Mamardashvili,ge GEO,GK,Valencia,22-016,2000,8.0,0,0,0,,0.00,0.00,,,,0,0,0,0.0,0.0,,0.0,0.0,Matches,d4b73232
267,Reinildo Mandava,mz MOZ,DF,Atlético Madrid,28-267,1994,8.0,0,2,0,0.0,0.25,0.00,0.00,,31.3,0,0,0,0.0,0.0,0.02,0.0,0.0,Matches,c20bdcd7
268,Aïssa Mandi,dz ALG,DF,Villarreal,30-358,1991,0.3,0,0,0,,0.00,0.00,,,,0,0,0,0.0,0.0,,0.0,0.0,Matches,fbd6378b
269,Maranhão,br BRA,FW,Valencia,25-360,1996,2.0,1,9,1,11.1,4.53,0.50,0.11,1.00,9.9,0,0,0,1.3,1.3,0.14,-0.3,-0.3,Matches,ae86d473
270,Marcão,br BRA,DF,Sevilla,26-132,1996,1.0,0,0,0,,0.00,0.00,,,,0,0,0,0.0,0.0,,0.0,0.0,Matches,133faa84
271,Agustín Marchesín,ar ARG,GK,Celta Vigo,34-213,1988,8.0,0,0,0,,0.00,0.00,,,,0,0,0,0.0,0.0,,0.0,0.0,Matches,853b7c48
272,Óscar de Marcos,es ESP,DF,Athletic Club,33-184,1989,8.0,0,0,0,,0.00,0.00,,,,0,0,0,0.0,0.0,,0.0,0.0,Matches,9f323c71
273,José Mari,es ESP,MF,Cádiz,34-313,1987,2.3,0,2,0,0.0,0.89,0.00,0.00,,25.0,0,0,0,0.0,0.0,0.02,0.0,0.0,Matches,6f4c734d
274,José María Giménez,uy URU,DF,Atlético Madrid,27-268,1995,4.2,0,6,3,50.0,1.44,0.72,0.00,0.00,16.9,0,0,0,0.3,0.3,0.05,-0.3,-0.3,Matches,f0da930c
275,Mariano,do DOM,FW,Real Madrid,29-075,1993,0.1,0,1,0,0.0,12.86,0.00,0.00,,8.0,0,0,0,0.2,0.2,0.18,-0.2,-0.2,Matches,5c4dc0ff
276,Roger Martí,es ESP,FW,Elche,31-285,1991,4.4,0,3,1,33.3,0.68,0.23,0.00,0.00,14.2,0,0,0,0.3,0.3,0.11,-0.3,-0.3,Matches,0ae4e09a
277,Arnau Martinez,es ESP,DF,Girona,19-173,2003,4.3,2,3,2,66.7,0.70,0.47,0.67,1.00,9.8,0,0,0,0.6,0.6,0.20,+1.4,+1.4,Matches,c3e66ffe
278,Iñigo Martínez,es ESP,DF,Athletic Club,31-151,1991,4.0,0,5,0,0.0,1.25,0.00,0.00,,13.6,1,0,0,0.3,0.3,0.06,-0.3,-0.3,Matches,3fc45c73
279,Omar Mascarell,es ESP,MF,Elche,29-255,1993,5.3,0,0,0,,0.00,0.00,,,,0,0,0,0.0,0.0,,0.0,0.0,Matches,11fd2b75
280,Jordi Masip,es ESP,GK,Valladolid,33-285,1989,3.0,0,0,0,,0.00,0.00,,,,0,0,0,0.0,0.0,,0.0,0.0,Matches,8fae77ea
281,Jaime Mata,es ESP,FW,Getafe,33-356,1988,0.4,0,1,0,0.0,2.57,0.00,0.00,,10.3,0,0,0,0.0,0.0,0.04,0.0,0.0,Matches,02319ad7
282,Borja Mayoral,es ESP,FW,Getafe,25-193,1997,7.8,1,8,2,25.0,1.02,0.25,0.13,0.50,15.3,0,0,1,1.6,0.9,0.11,-0.6,+0.1,Matches,64e8ed6d
283,Mamadou Mbaye,sn SEN,DF,Cádiz,24-109,1998,1.0,0,1,0,0.0,1.00,0.00,0.00,,7.3,0,0,0,0.1,0.1,0.07,-0.1,-0.1,Matches,8aae94b9
284,Gonzalo Melero,es ESP,MF,Almería,28-286,1994,1.0,0,1,0,0.0,0.96,0.00,0.00,,11.0,0,0,0,0.0,0.0,0.04,0.0,0.0,Matches,3902e91b
285,Houboulang Mendes,fr FRA,DF,Almería,24-164,1998,2.2,0,0,0,,0.00,0.00,,,,0,0,0,0.0,0.0,,0.0,0.0,Matches,1545cf15
286,Brais Méndez,es ESP,MF,Real Sociedad,25-281,1997,7.4,5,16,7,43.8,2.17,0.95,0.31,0.71,19.8,3,0,0,2.1,2.1,0.13,+2.9,+2.9,Matches,c9e39d91
287,Ferland Mendy,fr FRA,DF,Real Madrid,27-129,1995,5.1,0,1,0,0.0,0.20,0.00,0.00,,7.0,0,0,0,0.2,0.2,0.21,-0.2,-0.2,Matches,3cefcaef
288,Mikel Merino,es ESP,MF,Real Sociedad,26-115,1996,7.7,0,14,5,35.7,1.82,0.65,0.00,0.00,15.2,0,0,1,2.0,1.2,0.08,-2.0,-1.2,Matches,d080ed5e
289,Roque Mesa,es ESP,MF,Valladolid,33-130,1989,6.3,0,8,4,50.0,1.27,0.63,0.00,0.00,26.8,0,0,0,0.3,0.3,0.03,-0.3,-0.3,Matches,7c4243d4
290,Éder Militão,br BRA,DF,Real Madrid,24-270,1998,5.1,1,3,1,33.3,0.59,0.20,0.33,1.00,9.8,0,0,0,0.1,0.1,0.05,+0.9,+0.9,Matches,2784f898
291,Luis Milla,es ESP,MF,Getafe,28-008,1994,2.3,0,1,0,0.0,0.43,0.00,0.00,,23.0,0,0,0,0.0,0.0,0.03,0.0,0.0,Matches,19c36442
292,Pere Milla,es ESP,MFFW,Elche,30-022,1992,3.1,0,4,0,0.0,1.29,0.00,0.00,,6.1,0,0,0,0.4,0.4,0.10,-0.4,-0.4,Matches,335039a2
293,Marko Milovanović,rs SRB,FW,Almería,19-072,2003,0.2,0,1,0,0.0,6.00,0.00,0.00,,9.0,0,0,0,0.1,0.1,0.06,-0.1,-0.1,Matches,1fda2b14
294,Óscar Mingueza,es ESP,DF,Celta Vigo,23-155,1999,0.3,0,1,0,0.0,2.90,0.00,0.00,,7.8,0,0,0,0.1,0.1,0.08,-0.1,-0.1,Matches,056269d7
295,Rafa Mir,es ESP,FW,Sevilla,25-119,1997,3.4,1,11,2,18.2,3.26,0.59,0.09,0.50,13.5,0,0,0,1.8,1.8,0.16,-0.8,-0.8,Matches,bbf5c11b
296,Juan Miranda,es ESP,FW,Betis,22-269,2000,0.0,0,0,0,,0.00,0.00,,,,0,0,0,0.0,0.0,,0.0,0.0,Matches,ead61f73
297,Stefan Mitrović,rs SRB,DF,Getafe,32-146,1990,6.5,0,1,0,0.0,0.15,0.00,0.00,,10.0,0,0,0,0.1,0.1,0.08,-0.1,-0.1,Matches,e6777e6b
298,Luka Modrić,hr CRO,MF,Real Madrid,37-036,1985,5.1,1,9,2,22.2,1.76,0.39,0.11,0.50,19.9,0,0,0,0.6,0.6,0.07,+0.4,+0.4,Matches,6025fab1
299,Johan Mojica,co COL,DF,Elche,30-055,1992,3.0,0,4,1,25.0,1.33,0.33,0.00,0.00,19.8,0,0,0,0.1,0.1,0.03,-0.1,-0.1,Matches,608f2092
300,Johan Mojica,co COL,DF,Villarreal,30-055,1992,0.3,0,0,0,,0.00,0.00,,,,0,0,0,0.0,0.0,,0.0,0.0,Matches,608f2092
301,Nahuel Molina,ar ARG,DF,Atlético Madrid,24-192,1998,4.9,0,2,1,50.0,0.40,0.20,0.00,0.00,13.6,0,0,0,0.2,0.2,0.09,-0.2,-0.2,Matches,23610943
302,Jon Moncayola,es ESP,MF,Osasuna,24-155,1998,6.1,0,12,2,16.7,1.97,0.33,0.00,0.00,21.9,0,0,0,0.4,0.4,0.03,-0.4,-0.4,Matches,9939e168
303,Monchu,es ESP,MF,Valladolid,23-032,1999,4.0,1,6,2,33.3,1.49,0.50,0.17,0.50,20.9,0,0,0,0.4,0.4,0.07,+0.6,+0.6,Matches,8ac501f5
304,Gonzalo Montiel,ar ARG,DF,Sevilla,25-287,1997,2.7,0,2,0,0.0,0.74,0.00,0.00,,14.2,0,0,0,0.1,0.1,0.04,-0.1,-0.1,Matches,374d5158
305,Martín Montoya,es ESP,DF,Betis,31-184,1991,2.0,0,0,0,,0.00,0.00,,,,0,0,0,0.0,0.0,,0.0,0.0,Matches,5cec2487
306,Álvaro Morata,es ESP,FW,Atlético Madrid,29-357,1992,5.4,4,19,9,47.4,3.50,1.66,0.21,0.44,12.6,0,0,0,2.8,2.8,0.15,+1.2,+1.2,Matches,129af0db
307,Jon Morcillo,es ESP,FWDF,Athletic Club,24-030,1998,0.4,0,1,0,0.0,2.31,0.00,0.00,,10.0,0,0,0,0.6,0.6,0.61,-0.6,-0.6,Matches,b7d7f3bf
308,Álex Moreno,es ESP,DF,Betis,29-129,1993,8.0,0,7,3,42.9,0.87,0.37,0.00,0.00,22.6,0,0,0,0.3,0.3,0.05,-0.3,-0.3,Matches,16e9d0ea
309,Gerard Moreno,es ESP,FW,Villarreal,30-191,1992,4.1,2,15,6,40.0,3.67,1.47,0.13,0.33,13.2,0,0,0,3.1,3.1,0.22,-1.1,-1.1,Matches,81f0781e
310,Tete Morente,es ESP,MF,Elche,25-315,1996,4.0,0,6,3,50.0,1.48,0.74,0.00,0.00,12.4,0,0,0,0.9,0.9,0.15,-0.9,-0.9,Matches,004d185e
311,Ilaix Moriba,gn GUI,MF,Valencia,19-269,2003,2.7,0,1,1,100.0,0.37,0.37,0.00,0.00,23.1,0,0,0,0.0,0.0,0.04,0.0,0.0,Matches,f4c69aa6
312,Loren Morón,es ESP,FWMF,Betis,28-289,1993,0.2,0,0,0,,0.00,0.00,,,,0,0,0,0.0,0.0,,0.0,0.0,Matches,3aa4a3be
313,Cristhian Mosquera,co COL,DF,Valencia,18-110,2004,0.6,0,1,0,0.0,1.64,0.00,0.00,,9.0,0,0,0,0.1,0.1,0.09,-0.1,-0.1,Matches,dc1ce4f5
314,Abdul Mumin,gh GHA,DF,Rayo Vallecano,24-131,1998,0.1,0,0,0,,0.00,0.00,,,,0,0,0,0.0,0.0,,0.0,0.0,Matches,5487adcd
315,Iker Muniain,es ESP,MFFW,Athletic Club,29-300,1992,7.2,0,16,4,25.0,2.24,0.56,0.00,0.00,17.4,1,0,0,2.1,2.1,0.13,-2.1,-2.1,Matches,c05dfb74
316,Aihen Muñoz,es ESP,DF,Real Sociedad,25-060,1997,7.1,0,2,1,50.0,0.28,0.14,0.00,0.00,22.0,0,0,0,0.1,0.1,0.04,-0.1,-0.1,Matches,228b0d9d
317,Vedat Muriqi,xk KVX,FW,Mallorca,28-174,1994,7.6,4,19,9,47.4,2.50,1.18,0.16,0.33,13.3,0,1,2,3.4,1.8,0.10,+0.6,+1.2,Matches,0cadc46d
318,Yunus Musah,us USA,MF,Valencia,19-320,2002,5.0,0,5,0,0.0,1.00,0.00,0.00,,20.8,0,0,0,0.3,0.3,0.07,-0.3,-0.3,Matches,b51b1b9c
319,Nacho,es ESP,DF,Real Madrid,32-270,1990,1.4,0,0,0,,0.00,0.00,,,,0,0,0,0.0,0.0,,0.0,0.0,Matches,2946f9a1
320,Juanjo Narváez,co COL,MFFW,Valladolid,27-245,1995,0.6,0,1,0,0.0,1.55,0.00,0.00,,10.0,0,0,0,0.1,0.1,0.06,-0.1,-0.1,Matches,485e4939
321,Matija Nastasić,rs SRB,DF,Mallorca,29-201,1993,1.0,0,0,0,,0.00,0.00,,,,0,0,0,0.0,0.0,,0.0,0.0,Matches,f35430a4
322,Roberto Navarro,es ESP,FWMF,Real Sociedad,20-186,2002,0.3,0,0,0,,0.00,0.00,,,,0,0,0,0.0,0.0,,0.0,0.0,Matches,c997b942
323,Jesús Navas,es ESP,DFFW,Sevilla,36-328,1985,3.4,0,2,0,0.0,0.59,0.00,0.00,,21.9,0,0,0,0.1,0.1,0.03,-0.1,-0.1,Matches,3f10bd22
324,Álvaro Negredo,es ESP,FW,Cádiz,37-056,1985,3.2,1,4,3,75.0,1.27,0.95,0.25,0.33,22.9,0,0,0,0.4,0.4,0.09,+0.6,+0.6,Matches,63b0ca6b
325,Tanguy Nianzou,fr FRA,DF,Sevilla,20-130,2002,5.1,0,4,0,0.0,0.78,0.00,0.00,,9.8,0,0,0,0.3,0.3,0.07,-0.3,-0.3,Matches,5853ac44
326,Saúl Ñíguez,es ESP,DFMF,Atlético Madrid,27-328,1994,2.8,0,6,2,33.3,2.13,0.71,0.00,0.00,21.2,0,0,0,0.3,0.3,0.05,-0.3,-0.3,Matches,c14bc029
327,Diego Noguerol,es ESP,FW,Valencia,20-155,2002,0.1,0,0,0,,0.00,0.00,,,,0,0,0,0.0,0.0,,0.0,0.0,Matches,c487901c
328,Randy Ntekja,fr FRA,MFFW,Rayo Vallecano,24-313,1997,0.4,0,0,0,,0.00,0.00,,,,0,0,0,0.0,0.0,,0.0,0.0,Matches,a6103274
329,Unai Núñez,es ESP,DF,Celta Vigo,25-258,1997,8.0,0,4,1,25.0,0.50,0.12,0.00,0.00,10.0,0,0,0,0.3,0.3,0.08,-0.3,-0.3,Matches,be170419
330,Jan Oblak,si SVN,GK,Atlético Madrid,29-281,1993,6.9,0,0,0,,0.00,0.00,,,,0,0,0,0.0,0.0,,0.0,0.0,Matches,ee8508c0
331,Brian Ocampo,uy URU,MFFW,Cádiz,23-112,1999,2.6,0,0,0,,0.00,0.00,,,,0,0,0,0.0,0.0,,0.0,0.0,Matches,2e3995cd
332,Lucas Ocampos,ar ARG,FWDF,Sevilla,28-096,1994,1.5,0,3,0,0.0,2.05,0.00,0.00,,10.3,0,0,0,0.3,0.3,0.11,-0.3,-0.3,Matches,a08b974a
333,Lucas Olaza,uy URU,DF,Valladolid,28-086,1994,2.6,0,1,0,0.0,0.38,0.00,0.00,,27.2,1,0,0,0.0,0.0,0.01,0.0,0.0,Matches,4cee5954
334,Brian Oliván,es ESP,DF,Espanyol,28-197,1994,7.8,0,4,0,0.0,0.51,0.00,0.00,,25.7,1,0,0,0.1,0.1,0.04,-0.1,-0.1,Matches,a3e4bf46
335,Aimar Oroz,es ESP,FWMF,Osasuna,20-322,2001,4.4,2,4,2,50.0,0.90,0.45,0.25,0.50,15.2,0,1,1,1.5,0.7,0.17,+0.5,+0.3,Matches,7c363088
336,Jon Pacheco,es ESP,DF,Real Sociedad,21-280,2001,4.0,0,1,0,0.0,0.25,0.00,0.00,,9.0,0,0,0,0.0,0.0,0.05,0.0,0.0,Matches,44150beb
337,Gonçalo Paciência,pt POR,FW,Celta Vigo,28-075,1994,2.2,1,8,1,12.5,3.71,0.46,0.13,1.00,15.2,0,0,0,0.4,0.4,0.05,+0.6,+0.6,Matches,962e54cb
338,Gavi Paez,es ESP,MF,Barcelona,18-071,2004,6.4,0,4,0,0.0,0.63,0.00,0.00,,15.2,0,0,0,0.3,0.3,0.07,-0.3,-0.3,Matches,19cae58d
339,Helibelton Palacios,co COL,DF,Elche,29-126,1993,5.3,0,2,1,50.0,0.37,0.19,0.00,0.00,14.8,0,0,0,0.0,0.0,0.02,0.0,0.0,Matches,ac8b2421
340,Isaac Palazón Camacho,es ESP,FW,Rayo Vallecano,27-292,1994,6.7,2,15,4,26.7,2.24,0.60,0.13,0.50,22.2,0,0,0,0.6,0.6,0.04,+1.4,+1.4,Matches,49dbab27
341,Aitor Paredes,es ESP,DFFW,Athletic Club,22-169,2000,0.3,0,0,0,,0.00,0.00,,,,0,0,0,0.0,0.0,,0.0,0.0,Matches,b906757a
342,Daniel Parejo,es ESP,MF,Villarreal,33-182,1989,7.8,0,6,2,33.3,0.77,0.26,0.00,0.00,30.1,3,0,0,0.3,0.3,0.04,-0.3,-0.3,Matches,7460ca0d
343,Moises Parra Gutierrez,es ESP,FW,Getafe,20-113,2002,0.1,0,0,0,,0.00,0.00,,,,0,0,0,0.0,0.0,,0.0,0.0,Matches,e2dcc60e
344,Javier Pastore,ar ARG,MF,Elche,33-117,1989,0.1,0,0,0,,0.00,0.00,,,,0,0,0,0.0,0.0,,0.0,0.0,Matches,881ef58c
345,Gabriel Paulista,br BRA,DF,Valencia,31-323,1990,2.9,1,5,1,20.0,1.70,0.34,0.20,1.00,14.4,0,0,0,0.3,0.3,0.06,+0.7,+0.7,Matches,b7ca5c51
346,Alfonso Pedraza,es ESP,DF,Villarreal,26-189,1996,7.7,0,12,5,41.7,1.56,0.65,0.00,0.00,16.8,0,0,0,0.3,0.3,0.03,-0.3,-0.3,Matches,63f04c6c
347,Pedri,es ESP,MF,Barcelona,19-324,2002,5.8,2,6,2,33.3,1.03,0.34,0.33,1.00,19.5,0,0,0,1.1,1.1,0.18,+0.9,+0.9,Matches,0d9b2d31
348,Rubén Peña,es ESP,DFMF,Osasuna,31-089,1991,3.5,0,4,2,50.0,1.16,0.58,0.00,0.00,13.6,0,0,0,0.5,0.5,0.13,-0.5,-0.5,Matches,1f079188
349,Alberto Perea,es ESP,MF,Cádiz,31-300,1990,0.5,0,0,0,,0.00,0.00,,,,0,0,0,0.0,0.0,,0.0,0.0,Matches,5496cc91
350,Carles Pérez,es ESP,FWMF,Celta Vigo,24-241,1998,3.7,0,7,1,14.3,1.90,0.27,0.00,0.00,19.3,0,0,0,0.3,0.3,0.05,-0.3,-0.3,Matches,a8f21b9f
351,Francisco Perez,es ESP,DFFW,Valencia,20-036,2002,0.2,0,0,0,,0.00,0.00,,,,0,0,0,0.0,0.0,,0.0,0.0,Matches,3d79a68c
352,Kike Pérez,es ESP,MF,Valladolid,25-243,1997,7.2,0,13,6,46.2,1.80,0.83,0.00,0.00,22.2,1,0,0,0.6,0.6,0.05,-0.6,-0.6,Matches,237a3851
353,Lucas Pérez,es ESP,FW,Cádiz,34-035,1988,4.7,1,10,1,10.0,2.13,0.21,0.10,1.00,17.4,3,0,0,1.6,1.6,0.16,-0.6,-0.6,Matches,a300ac7e
354,Luis Pérez,es ESP,DF,Valladolid,27-253,1995,4.3,0,0,0,,0.00,0.00,,,,0,0,0,0.0,0.0,,0.0,0.0,Matches,b7c04927
355,Germán Pezzella,ar ARG,DF,Betis,31-110,1991,5.8,0,2,0,0.0,0.34,0.00,0.00,,6.5,0,0,0,0.3,0.3,0.16,-0.3,-0.3,Matches,8c725b43
356,Yeremi Pino,es ESP,MF,Villarreal,19-360,2002,4.3,1,7,2,28.6,1.62,0.46,0.14,0.50,14.9,0,0,0,1.1,1.1,0.16,-0.1,-0.1,Matches,540ec57b
357,Gerard Piqué,es ESP,DF,Barcelona,35-255,1987,3.0,0,2,0,0.0,0.67,0.00,0.00,,8.2,0,0,0,0.2,0.2,0.11,-0.2,-0.2,Matches,adfc9123
358,Óscar Plano,es ESP,FWMF,Valladolid,31-246,1991,4.7,1,7,1,14.3,1.48,0.21,0.14,1.00,22.0,0,0,0,0.4,0.4,0.05,+0.6,+0.6,Matches,7c388b20
359,Gonzalo Plata,ec ECU,FWMF,Valladolid,21-348,2000,3.7,0,6,3,50.0,1.62,0.81,0.00,0.00,15.3,0,0,0,0.5,0.5,0.09,-0.5,-0.5,Matches,54bcdeb0
360,Ezequiel Ponce,ar ARG,FW,Elche,25-200,1997,4.0,2,6,2,33.3,1.50,0.50,0.33,1.00,11.8,0,0,0,0.9,0.9,0.15,+1.1,+1.1,Matches,ccbbe661
361,Francisco Portillo,es ESP,FWMF,Almería,32-124,1990,1.6,0,0,0,,0.00,0.00,,,,0,0,0,0.0,0.0,,0.0,0.0,Matches,8e010ff4
362,Portu,es ESP,MF,Getafe,30-147,1992,2.9,0,4,3,75.0,1.39,1.04,0.00,0.00,11.8,0,0,0,0.6,0.6,0.18,-0.6,-0.6,Matches,1bda5842
363,José Pozo,es ESP,MFFW,Rayo Vallecano,26-214,1996,0.3,0,1,0,0.0,3.00,0.00,0.00,,18.0,0,0,0,0.1,0.1,0.08,-0.1,-0.1,Matches,fc8b614b
364,Alejandro Pozo Pozo,es ESP,DF,Almería,23-235,1999,3.6,0,3,1,33.3,0.84,0.28,0.00,0.00,20.4,0,0,0,0.1,0.1,0.03,-0.1,-0.1,Matches,3c16d927
365,Abdón Prats,es ESP,FW,Mallorca,29-312,1992,0.7,0,2,1,50.0,3.05,1.53,0.00,0.00,15.2,0,0,0,0.1,0.1,0.05,-0.1,-0.1,Matches,d1b060e2
366,Javi Puado,es ESP,FWMF,Espanyol,24-143,1998,4.4,0,11,3,27.3,2.49,0.68,0.00,0.00,15.3,0,0,0,1.0,1.0,0.09,-1.0,-1.0,Matches,2683eda7
367,Arnau Puigmal,es ESP,DFMF,Almería,21-278,2001,2.3,0,3,0,0.0,1.32,0.00,0.00,,18.9,0,0,0,0.1,0.1,0.05,-0.1,-0.1,Matches,39352da2
368,Domingos Quina,pt POR,MF,Elche,22-331,1999,2.7,0,4,0,0.0,1.47,0.00,0.00,,26.6,0,0,0,0.1,0.1,0.03,-0.1,-0.1,Matches,41fb0f4e
369,Antonio Raillo,es ESP,DF,Mallorca,31-007,1991,8.0,1,2,1,50.0,0.25,0.12,0.50,1.00,12.4,0,0,0,0.2,0.2,0.08,+0.8,+0.8,Matches,b857bd29
370,Predrag Rajković,rs SRB,GK,Mallorca,26-349,1995,8.0,0,0,0,,0.00,0.00,,,,0,0,0,0.0,0.0,,0.0,0.0,Matches,58ad9383
371,Ivan Rakitić,hr CRO,MF,Sevilla,34-219,1988,2.0,0,5,2,40.0,2.56,1.02,0.00,0.00,20.9,1,0,0,0.6,0.6,0.11,-0.6,-0.6,Matches,89f951b5
372,Largie Ramazani,be BEL,FW,Almería,21-230,2001,6.2,2,14,8,57.1,2.27,1.30,0.14,0.25,21.2,0,0,0,1.1,1.1,0.08,+0.9,+0.9,Matches,cc9256ef
373,Raphinha,br BRA,FW,Barcelona,25-305,1996,4.7,1,19,4,21.1,4.02,0.85,0.05,0.25,18.7,3,0,0,1.7,1.7,0.09,-0.7,-0.7,Matches,3423f250
374,Reinier,br BRA,FWMF,Girona,20-269,2002,3.1,1,4,2,50.0,1.28,0.64,0.25,0.50,8.3,0,0,0,1.0,1.0,0.26,0.0,0.0,Matches,6b21b7b5
375,Karim Rekik,nl NED,DF,Sevilla,27-317,1994,3.2,1,4,1,25.0,1.25,0.31,0.25,1.00,8.8,0,0,0,0.7,0.7,0.18,+0.3,+0.3,Matches,3376a776
376,Álex Remiro,es ESP,GK,Real Sociedad,27-205,1995,8.0,0,0,0,,0.00,0.00,,,,0,0,0,0.0,0.0,,0.0,0.0,Matches,374ee424
377,Alejandro Revuelta Montero,es ESP,DF,Getafe,22-182,2000,0.0,0,0,0,,0.00,0.00,,,,0,0,0,0.0,0.0,,0.0,0.0,Matches,14d5b7ac
378,Nico Ribaudo,es ESP,FWMF,Espanyol,21-187,2001,1.8,0,2,0,0.0,1.14,0.00,0.00,,23.4,1,0,0,0.1,0.1,0.04,-0.1,-0.1,Matches,ce8039aa
379,Diego Rico,es ESP,DF,Real Sociedad,29-234,1993,0.9,0,1,1,100.0,1.11,1.11,0.00,0.00,31.0,0,0,0,0.0,0.0,0.01,0.0,0.0,Matches,d9ba39fc
380,Rodrigo Riquelme,es ESP,FWMF,Girona,22-196,2000,5.8,2,17,8,47.1,2.95,1.39,0.12,0.25,19.9,1,0,0,1.2,1.2,0.07,+0.8,+0.8,Matches,65154df0
381,Sergi Roberto,es ESP,DF,Barcelona,30-250,1992,1.4,1,2,2,100.0,1.41,1.41,0.50,0.50,15.5,0,0,0,0.4,0.4,0.18,+0.6,+0.6,Matches,335fa267
382,Lucas Robertone,ar ARG,MF,Almería,25-211,1997,6.5,1,5,1,20.0,0.77,0.15,0.20,1.00,15.5,1,0,0,1.2,1.2,0.25,-0.2,-0.2,Matches,a8981944
383,Enzo Roco,cl CHI,DF,Elche,30-060,1992,4.2,0,1,0,0.0,0.24,0.00,0.00,,10.0,0,0,0,0.0,0.0,0.05,0.0,0.0,Matches,37f827ec
384,Rodrigo,es ESP,FW,Betis,22-152,2000,5.1,1,4,2,50.0,0.78,0.39,0.25,0.50,14.9,0,0,0,0.5,0.5,0.12,+0.5,+0.5,Matches,85bed4ee
385,Ángel Rodríguez,es ESP,MFFW,Mallorca,35-172,1987,0.4,0,1,0,0.0,2.57,0.00,0.00,,13.2,0,0,0,0.1,0.1,0.14,-0.1,-0.1,Matches,8cfc2f69
386,Óscar Rodríguez Arnaiz,es ESP,MF,Celta Vigo,24-109,1998,6.0,1,14,8,57.1,2.33,1.33,0.07,0.13,20.9,3,0,0,1.6,1.6,0.11,-0.6,-0.6,Matches,19709006
387,Dani Rodríguez,es ESP,MFFW,Mallorca,34-131,1988,4.6,0,3,2,66.7,0.65,0.43,0.00,0.00,19.7,0,0,0,0.2,0.2,0.05,-0.2,-0.2,Matches,70f8e0bd
388,Guido Rodríguez,ar ARG,MF,Betis,28-186,1994,7.0,0,3,1,33.3,0.43,0.14,0.00,0.00,27.6,0,0,0,0.1,0.1,0.02,-0.1,-0.1,Matches,34e393f2
389,Rodrygo,br BRA,FW,Real Madrid,21-279,2001,5.2,3,19,7,36.8,3.68,1.35,0.16,0.43,17.8,0,0,0,2.3,2.3,0.12,+0.7,+0.7,Matches,8f5e92a6
390,Iván Romero,es ESP,MF,Sevilla,21-188,2001,0.1,0,0,0,,0.00,0.00,,,,0,0,0,0.0,0.0,,0.0,0.0,Matches,2fbe6af0
391,Oriol Romeu,es ESP,MF,Girona,31-021,1991,5.0,1,6,2,33.3,1.20,0.40,0.17,0.50,13.8,0,0,0,0.8,0.8,0.13,+0.2,+0.2,Matches,4b511457
392,Rubén,es ESP,MFFW,Espanyol,21-253,2001,2.7,0,6,0,0.0,2.21,0.00,0.00,,18.2,0,0,0,0.4,0.4,0.07,-0.4,-0.4,Matches,35d4f151
393,Antonio Rüdiger,de GER,DF,Real Madrid,29-226,1993,5.4,1,6,2,33.3,1.10,0.37,0.17,0.50,11.2,0,0,0,0.6,0.6,0.10,+0.4,+0.4,Matches,18b896d6
394,Aitor Ruibal,es ESP,DFFW,Betis,26-207,1996,4.3,0,4,1,25.0,0.93,0.23,0.00,0.00,24.1,0,0,0,0.2,0.2,0.04,-0.2,-0.2,Matches,a55d8df5
395,Víctor Ruiz,es ESP,DF,Betis,33-263,1989,1.0,0,0,0,,0.00,0.00,,,,0,0,0,0.0,0.0,,0.0,0.0,Matches,b3dc6eca
396,Gerónimo Rulli,ar ARG,GK,Villarreal,30-148,1992,8.0,0,0,0,,0.00,0.00,,,,0,0,0,0.0,0.0,,0.0,0.0,Matches,625c144a
397,Youssouf Sabaly,sn SEN,DF,Betis,29-224,1993,2.1,0,1,0,0.0,0.47,0.00,0.00,,24.0,0,0,0,0.0,0.0,0.03,0.0,0.0,Matches,fbbb9269
398,Umar Sadiq,ng NGA,FW,Real Sociedad,25-255,1997,0.9,1,1,1,100.0,1.10,1.10,1.00,1.00,1.0,0,0,0,0.5,0.5,0.53,+0.5,+0.5,Matches,686cbe7d
399,Umar Sadiq,ng NGA,FW,Almería,25-255,1997,2.7,2,7,3,42.9,2.62,1.13,0.29,0.67,12.8,0,0,0,1.4,1.4,0.20,+0.6,+0.6,Matches,686cbe7d
400,Samuel Sáiz,es ESP,FWMF,Girona,31-266,1991,2.1,1,1,0,0.0,0.47,0.00,0.00,,32.0,0,1,1,0.8,0.1,0.05,+0.2,-0.1,Matches,13e0eb29
401,Salvi,es ESP,FWMF,Rayo Vallecano,31-199,1991,2.2,0,2,2,100.0,0.90,0.90,0.00,0.00,16.8,0,0,0,0.1,0.1,0.06,-0.1,-0.1,Matches,405f267a
402,Samuel,br BRA,FWMF,Valencia,22-296,1999,7.8,1,26,10,38.5,3.33,1.28,0.04,0.10,17.1,0,0,0,1.9,1.9,0.07,-0.9,-0.9,Matches,2a295d33
403,Fede San Emeterio,es ESP,MF,Cádiz,25-213,1997,4.0,0,2,0,0.0,0.50,0.00,0.00,,18.5,0,0,0,0.1,0.1,0.05,-0.1,-0.1,Matches,efecd633
404,Oihan Sancet,es ESP,MF,Athletic Club,22-173,2000,6.0,3,7,2,28.6,1.17,0.33,0.29,1.00,19.0,0,1,1,1.3,0.5,0.07,+1.7,+1.5,Matches,bdb624a3
405,Antonio Sánchez,es ESP,MFFW,Mallorca,25-176,1997,3.9,0,6,3,50.0,1.53,0.77,0.00,0.00,18.1,0,0,0,0.3,0.3,0.05,-0.3,-0.3,Matches,a254bbe0
406,Iván Sánchez,es ESP,FWMF,Valladolid,30-022,1992,3.8,0,8,4,50.0,2.10,1.05,0.00,0.00,23.4,0,0,0,0.3,0.3,0.04,-0.3,-0.3,Matches,70107d4d
407,Javi Sánchez,es ESP,DF,Valladolid,25-215,1997,6.9,0,3,0,0.0,0.44,0.00,0.00,,21.7,1,0,0,0.1,0.1,0.05,-0.1,-0.1,Matches,60359288
408,Manuel Sánchez,es ESP,DF,Osasuna,22-052,2000,1.1,0,1,0,0.0,0.90,0.00,0.00,,24.5,0,0,0,0.0,0.0,0.02,0.0,0.0,Matches,ffacd3d5
409,Stefan Savić,me MNE,DF,Atlético Madrid,31-280,1991,3.8,0,0,0,,0.00,0.00,,,,0,0,0,0.0,0.0,,0.0,0.0,Matches,f6ac68c1
410,Jaime Seoane,es ESP,MF,Getafe,25-266,1997,3.0,0,1,0,0.0,0.34,0.00,0.00,,34.0,0,0,0,0.0,0.0,0.01,0.0,0.0,Matches,a62b4888
411,David Silva,es ESP,MF,Real Sociedad,36-280,1986,6.4,0,9,5,55.6,1.41,0.79,0.00,0.00,14.3,0,0,0,1.1,1.1,0.13,-1.1,-1.1,Matches,e2716bd0
412,Rui Silva,pt POR,GK,Betis,28-250,1994,8.0,0,0,0,,0.00,0.00,,,,0,0,0,0.0,0.0,,0.0,0.0,Matches,ea83bfa6
413,Unai Simón,es ESP,GK,Athletic Club,25-126,1997,8.0,0,0,0,,0.00,0.00,,,,0,0,0,0.0,0.0,,0.0,0.0,Matches,5dcf3e90
414,Rubén Sobrino,es ESP,MFFW,Cádiz,30-136,1992,4.1,0,5,1,20.0,1.22,0.24,0.00,0.00,14.2,0,0,0,0.3,0.3,0.07,-0.3,-0.3,Matches,19b776e9
415,Alex Sola,es ESP,DF,Real Sociedad,23-128,1999,2.3,0,2,1,50.0,0.89,0.44,0.00,0.00,28.2,0,0,0,0.1,0.1,0.03,-0.1,-0.1,Matches,5fa714d5
416,Augusto Solari,ar ARG,MF,Celta Vigo,30-285,1992,2.1,0,1,0,0.0,0.48,0.00,0.00,,19.0,0,0,0,0.1,0.1,0.14,-0.1,-0.1,Matches,3ca6106c
417,Carlos Soler,es ESP,MF,Valencia,25-286,1997,2.7,1,4,1,25.0,1.49,0.37,0.00,0.00,29.4,3,1,1,0.9,0.1,0.03,+0.1,-0.1,Matches,fed17f5a
418,David Soria,es ESP,GK,Getafe,29-194,1993,9.0,0,0,0,,0.00,0.00,,,,0,0,0,0.0,0.0,,0.0,0.0,Matches,8f8c6934
419,Alexander Sørloth,no NOR,FW,Real Sociedad,26-314,1995,4.2,3,13,8,61.5,3.11,1.91,0.23,0.38,11.7,0,0,0,3.0,3.0,0.23,0.0,0.0,Matches,e92cd3f7
420,Dyego Sousa,pt POR,FW,Almería,33-031,1989,2.3,0,5,1,20.0,2.13,0.43,0.00,0.00,10.8,0,0,0,0.3,0.3,0.07,-0.3,-0.3,Matches,e4738e91
421,Vinicius Souza,br BRA,MF,Espanyol,23-120,1999,7.6,0,4,1,25.0,0.53,0.13,0.00,0.00,27.5,0,0,0,0.1,0.1,0.03,-0.1,-0.1,Matches,6a8a7af8
422,Jørgen Strand Larsen,no NOR,FW,Celta Vigo,22-251,2000,3.8,0,9,2,22.2,2.35,0.52,0.00,0.00,11.8,0,0,0,1.1,1.1,0.12,-1.1,-1.1,Matches,f553b2b3
423,Cristhian Stuani,uy URU,FW,Girona,36-003,1986,2.4,1,3,3,100.0,1.26,1.26,0.33,0.33,9.8,0,0,0,0.6,0.6,0.21,+0.4,+0.4,Matches,220c11f1
424,Damián Suárez,uy URU,DF,Getafe,34-171,1988,5.0,1,1,1,100.0,0.20,0.20,1.00,1.00,8.6,0,0,0,0.1,0.1,0.14,+0.9,+0.9,Matches,ba5004e1
425,Mario Suárez,es ESP,DF,Rayo Vallecano,35-233,1987,0.1,0,0,0,,0.00,0.00,,,,0,0,0,0.0,0.0,,0.0,0.0,Matches,7106f0a0
426,Suso,es ESP,FWMF,Sevilla,28-330,1993,0.5,0,1,0,0.0,1.84,0.00,0.00,,24.7,0,0,0,0.0,0.0,0.03,0.0,0.0,Matches,4e219ad2
427,Renato Tapia,pe PER,MF,Celta Vigo,27-079,1995,4.8,0,1,1,100.0,0.21,0.21,0.00,0.00,32.6,0,0,0,0.0,0.0,0.01,0.0,0.0,Matches,34269bdf
428,Aurélien Tchouaméni,fr FRA,MF,Real Madrid,22-261,2000,6.2,0,12,2,16.7,1.93,0.32,0.00,0.00,18.9,0,0,0,0.7,0.7,0.06,-0.7,-0.7,Matches,4f255115
429,Alex Telles,br BRA,DF,Sevilla,29-304,1992,3.5,0,2,0,0.0,0.57,0.00,0.00,,24.4,1,0,0,0.1,0.1,0.03,-0.1,-0.1,Matches,e73c9bb2
430,Marc-André ter Stegen,de GER,GK,Barcelona,30-168,1992,8.0,0,0,0,,0.00,0.00,,,,0,0,0,0.0,0.0,,0.0,0.0,Matches,6f51e382
431,Ramón Terrats,es ESP,MF,Girona,21-362,2000,1.5,0,3,0,0.0,2.01,0.00,0.00,,29.0,0,0,0,0.1,0.1,0.03,-0.1,-0.1,Matches,f36016a5
432,Ferrán Torres,es ESP,FWMF,Barcelona,22-228,2000,2.8,0,12,3,25.0,4.35,1.09,0.00,0.00,16.7,0,0,0,0.8,0.8,0.07,-0.8,-0.8,Matches,9e1035f8
433,Óliver Torres,es ESP,MFFW,Sevilla,27-339,1994,4.9,3,6,3,50.0,1.23,0.62,0.50,1.00,15.7,0,0,0,0.8,0.8,0.13,+2.2,+2.2,Matches,58a9a4d9
434,Pau Torres,es ESP,DF,Villarreal,25-272,1997,8.0,0,4,0,0.0,0.50,0.00,0.00,,9.0,0,0,0,0.4,0.4,0.11,-0.4,-0.4,Matches,532e1e4f
435,Roberto Torres,es ESP,FW,Osasuna,33-222,1989,0.1,0,0,0,,0.00,0.00,,,,0,0,0,0.0,0.0,,0.0,0.0,Matches,d733aa38
436,Lucas Torró,es ESP,MF,Osasuna,28-088,1994,7.4,0,9,1,11.1,1.21,0.13,0.00,0.00,18.5,0,0,0,0.4,0.4,0.05,-0.4,-0.4,Matches,0e4fef6e
437,Nabil Touaizi,ma MAR,FW,Espanyol,21-256,2001,0.0,0,0,0,,0.00,0.00,,,,0,0,0,0.0,0.0,,0.0,0.0,Matches,e96b2583
438,Óscar Trejo,ar ARG,MF,Rayo Vallecano,34-172,1988,7.6,1,4,2,50.0,0.52,0.26,0.25,0.50,18.6,0,0,1,1.3,0.5,0.12,-0.3,+0.5,Matches,fc647b34
439,Beñat Turrientes,es ESP,MF,Real Sociedad,20-257,2002,1.1,0,0,0,,0.00,0.00,,,,0,0,0,0.0,0.0,,0.0,0.0,Matches,068f4dec
440,Enes Ünal,tr TUR,FW,Getafe,25-158,1997,8.6,2,20,6,30.0,2.34,0.70,0.10,0.33,16.2,3,0,1,2.8,2.1,0.10,-0.8,-0.1,Matches,f8eca1b6
441,Oscar Ureña,es ESP,MFFW,Girona,19-287,2003,1.1,0,1,1,100.0,0.90,0.90,0.00,0.00,16.0,0,0,0,0.2,0.2,0.20,-0.2,-0.2,Matches,2dd7e29d
442,Óscar Valentín,es ESP,MF,Rayo Vallecano,28-056,1994,6.2,0,6,0,0.0,0.97,0.00,0.00,,19.5,0,0,0,0.2,0.2,0.03,-0.2,-0.2,Matches,592f3158
443,Valery,es ESP,DFFW,Girona,22-326,1999,1.3,0,0,0,,0.00,0.00,,,,0,0,0,0.0,0.0,,0.0,0.0,Matches,4acd733a
444,Enrique Valiente,es ESP,DF,Sevilla,20-175,2002,2.2,0,0,0,,0.00,0.00,,,,0,0,0,0.0,0.0,,0.0,0.0,Matches,0a69de7b
445,Martin Valjent,sk SVK,DF,Mallorca,26-308,1995,8.0,0,0,0,,0.00,0.00,,,,0,0,0,0.0,0.0,,0.0,0.0,Matches,f2c6ac01
446,Manu Vallejo,es ESP,FWMF,Girona,25-243,1997,1.3,0,1,1,100.0,0.76,0.76,0.00,0.00,14.1,0,0,0,0.0,0.0,0.03,0.0,0.0,Matches,0bc4e720
447,Federico Valverde,uy URU,FWMF,Real Madrid,24-085,1998,6.4,3,17,8,47.1,2.67,1.26,0.18,0.38,25.0,0,0,0,0.8,0.8,0.05,+2.2,+2.2,Matches,0959c2a2
448,Jesus Vazquez,es ESP,DF,Valencia,19-286,2003,1.5,0,2,0,0.0,1.35,0.00,0.00,,21.2,0,0,0,0.1,0.1,0.03,-0.1,-0.1,Matches,106c142c
449,Lucas Vázquez,es ESP,DF,Real Madrid,31-106,1991,2.9,1,5,2,40.0,1.74,0.70,0.20,0.50,22.5,0,0,0,0.5,0.5,0.10,+0.5,+0.5,Matches,fd51b456
450,Gabriel Veiga,es ESP,MF,Celta Vigo,20-141,2002,3.3,2,7,2,28.6,2.10,0.60,0.29,1.00,20.3,0,0,0,0.4,0.4,0.05,+1.6,+1.6,Matches,35a6e5c7
451,Unai Vencedor Paris,es ESP,MF,Athletic Club,21-334,2000,0.4,0,0,0,,0.00,0.00,,,,0,0,0,0.0,0.0,,0.0,0.0,Matches,4112ace5
452,Gonzalo Verdú,es ESP,DF,Elche,33-359,1988,1.1,0,1,0,0.0,0.87,0.00,0.00,,22.2,1,0,0,0.1,0.1,0.08,-0.1,-0.1,Matches,1c2c55fc
453,Mikel Vesga,es ESP,MF,Athletic Club,29-147,1993,4.7,2,7,1,14.3,1.48,0.21,0.14,1.00,25.3,0,1,1,1.1,0.3,0.05,+0.9,+0.7,Matches,b0fce72c
454,Aleix Vidal,es ESP,FWDF,Espanyol,33-055,1989,1.5,0,0,0,,0.00,0.00,,,,0,0,0,0.0,0.0,,0.0,0.0,Matches,04965583
455,Nacho Vidal,es ESP,DF,Osasuna,27-264,1995,5.6,0,2,0,0.0,0.36,0.00,0.00,,13.4,0,0,0,0.1,0.1,0.07,-0.1,-0.1,Matches,3a9c4b7b
456,Toni Villa,es ESP,FWMF,Girona,27-281,1995,0.7,0,3,1,33.3,4.22,1.41,0.00,0.00,23.3,0,0,0,0.1,0.1,0.05,-0.1,-0.1,Matches,636eae97
457,Toni Villa,es ESP,MF,Valladolid,27-281,1995,1.0,0,0,0,,0.00,0.00,,,,0,0,0,0.0,0.0,,0.0,0.0,Matches,636eae97
458,Asier Villalibre,es ESP,FW,Athletic Club,25-015,1997,0.8,0,3,1,33.3,3.97,1.32,0.00,0.00,9.6,0,0,0,0.2,0.2,0.07,-0.2,-0.2,Matches,57be54ec
459,Daniel Vivian,es ESP,DF,Athletic Club,23-102,1999,5.0,0,2,1,50.0,0.40,0.20,0.00,0.00,6.1,0,0,0,0.2,0.2,0.08,-0.2,-0.2,Matches,ab7bf91d
460,Shon Weissman,il ISR,FW,Valladolid,26-243,1996,2.7,1,8,5,62.5,2.91,1.82,0.13,0.20,11.3,0,0,0,1.3,1.3,0.16,-0.3,-0.3,Matches,379dc075
461,Iñaki Williams,gh GHA,FW,Athletic Club,28-122,1994,7.1,3,23,7,30.4,3.22,0.98,0.13,0.43,14.9,0,0,1,3.7,2.9,0.13,-0.7,+0.1,Matches,6a99e0b1
462,Nico Williams,es ESP,FW,Athletic Club,20-095,2002,6.3,3,15,8,53.3,2.39,1.27,0.20,0.38,15.7,0,0,0,1.8,1.8,0.12,+1.2,+1.2,Matches,afdc14d7
463,Axel Witsel,be BEL,DFMF,Atlético Madrid,33-276,1989,7.8,0,2,0,0.0,0.26,0.00,0.00,,21.1,0,0,0,0.2,0.2,0.08,-0.2,-0.2,Matches,5dfc6ad5
464,Jawad El Yamiq,ma MAR,DF,Valladolid,30-228,1992,1.4,0,2,0,0.0,1.44,0.00,0.00,,19.3,0,0,0,0.1,0.1,0.03,-0.1,-0.1,Matches,f6f6b6e8
465,Joseba Zaldúa,es ESP,DF,Cádiz,30-113,1992,6.2,0,1,0,0.0,0.16,0.00,0.00,,30.9,0,0,0,0.0,0.0,0.01,0.0,0.0,Matches,5ca20b7a
466,Oier Zarraga,es ESP,MF,Athletic Club,23-284,1999,1.2,0,5,1,20.0,4.25,0.85,0.00,0.00,24.7,0,0,0,0.2,0.2,0.04,-0.2,-0.2,Matches,968a1c2f
467,Igor Zubeldia,es ESP,DF,Real Sociedad,25-199,1997,4.5,0,1,0,0.0,0.22,0.00,0.00,,27.5,0,0,0,0.0,0.0,0.01,0.0,0.0,Matches,5c7845f6
468,Martín Zubimendi,es ESP,MF,Real Sociedad,23-255,1999,8.0,1,4,1,25.0,0.50,0.12,0.25,1.00,18.3,0,0,0,0.7,0.7,0.18,+0.3,+0.3,Matches,3ee0dd59